"Search Parameters"	"Year"	"Mo"	"Dy"	"Hr"	"Mn"	"Sec"	"Tsunami Event Validity"	"Tsunami Cause Code"	"Earthquake Magnitude"	"Vol"	"More Info"	"Deposits"	"Country"	"Location Name"	"Latitude"	"Longitude"	"Maximum Water Height (m)"	"Number of Runups"	"Tsunami Magnitude (Abe)"	"Tsunami Magnitude (Iida)"	"Tsunami Intensity"	"Deaths"	"Death Description"	"Missing"	"Missing Description"	"Injuries"	"Injuries Description"	"Damage ($Mil)"	"Damage Description"	"Houses Destroyed"	"Houses Destroyed Description"	"Houses Damaged"	"Houses Damaged Description"	"Total Deaths"	"Total Death Description"	"Total Missing"	"Total Missing Description"	"Total Injuries"	"Total Injuries Description"	"Total Damage ($Mil)"	"Total Damage Description"	"Total Houses Destroyed"	"Total Houses Destroyed Description"	"Total Houses Damaged"	"Total Houses Damaged Description"
"[""1950 <= Year >= 2022""]"																																													
	1950	1	30	0	56	32	1	1	7			0	"CHILE"	"SOUTHERN CHILE"	-53.5	-71.5		0																	1										
	1950	3	14	18	10	41	2	1	5.8			0	"NEW ZEALAND"	"N. NEW ZEALAND"	-37.8	177.2		1			0																								
	1950	4	30	23	49	24	0	1				0	"PANAMA"	"OFF COAST"	6.5	-83		1																											
	1950	8	3	22	18	22	2	1	6.4			0	"VENEZUELA"	"EL TOCUYO"	9.71	-69.819		1																100	2						1		1		1
	1950	8	15	14	9	30	0	1	8.6			0	"INDIA"	"INDIA-CHINA"	28.5	96.5	0.5	41																1530	4					20	3				
	1950	10	5	16	9	31	4	1	7.7			0	"COSTA RICA"	"COSTA RICA-NICARAGUA"	11	-85	0.1	8		-3.3	-2																		3		1				
	1950	10	8	3	23	9	3	1	7.6			0	"INDONESIA"	"BANDA SEA"	-3.8	128.3		2		1.5	2	1	1						3		3		3	1	1						3		3		3
	1950	10	8				1	8				0	"NORWAY"	"MID-NORWAY"	63.433	10.383		0																											
	1950	10	23	16	13	20	4	1	7.5			0	"GUATEMALA"	"GUATEMALA"	14.31	-91.917	0.2	5		-1.3	-1																				3		3		
	1950	11	8	2	18	12	3	1	7.3			0	"SOLOMON ISLANDS"	"SOLOMON SEA"	-10	159.5	1.2	2																											
	1950	12	2	19	51	49	3	1	7.8			0	"VANUATU"	"VANUATU ISLANDS"	-18.25	167.5	2.5	5																											
	1950	12	10	2	50	42	2	1	7			0	"PERU"	"S. PERU"	-14.25	-77.75	0.7	1		-0.5	0													4	1			12	1		2		2		
	1950	12	14	14	15	49	4	1	7.5			0	"MEXICO"	"S. MEXICO"	16.48	-98.22	0.3	2		-1.5																					3				
	1951	2	22	1	45	48.9	2	1	6.1			0	"PAPUA NEW GUINEA"	"BISMARCK SEA"	-3.252	142.238	6	1											1												1				
	1951	2	23	16	45		0	8				0	"USA"	"COLUMBIA RIVER VALLEY, WA"			3	1		1.6																				0.003	1				
	1951	8	3	0	23	58	1	3	6	4824		0	"NICARAGUA"	"COSIGUINA VOLCANO"	13	-87.5		1											1		1		1								3		2		
	1951	8	21	10	57	0	4	1	6.9			0	"USA"	"HAWAII"	19.5	-156	3.6	7		1.8	0.5								1												1				
	1951	10	22	5	43	1	4	1	7.3			0	"TAIWAN"	"TAIWAN"	23.8	121.7	0.3	2																68	2			586	3		3	2382	4		
	1951	12	21	8	37	29	0	1	6.3			0	"CHINA"	"CHINA: GANSU AND SHANXI PROVINCES"	26.7	100	2	1																											
	1951	12	22				3	6		2208		0	"SOLOMON ISLANDS"	"KAVACHI"	-9.02	157.95		0		2.6																									
	1952	1	9	8			4	8				0	"NORWAY"	"MID-NORWAY"	64.883	12.417	2	0			2																								
	1952	3	4	1	22	41	4	1	8.1			0	"JAPAN"	"SE. HOKKAIDO ISLAND"	42.15	143.85	6.54	218		2.7	2	33	1				3		3		3			33	1			572	3		3	2422	4		
	1952	3	9	17	4	0	4	1	7			0	"JAPAN"	"SE. HOKKAIDO ISLAND"	41.7	143.6	0.3	4		-1.7	-2																	17	1		2	113	3		
	1952	3	17	3	58	0	4	1	4.5			0	"USA"	"HAWAII"	19.1	-155	3	2			0																								
	1952	3	19	10	57	12	4	1	7.8			0	"PHILIPPINES"	"E. OF MINDANO, PHILIPPINES"	9.5	127.25	0.33	5																							1				
	1952	4	10				0	8				0	"USA"	"COLUMBIA RIVER VALLEY, WA"			19.81	1																											
	1952	5	6				0	9				0	"USA"	"LAKE HURON, MI"	43.1	-82.4	1.52	3											1																
	1952	5	13	19	32	0	2	1	6.9			0	"COSTA RICA"	"COSTA RICA-PANAMA"	10.3	-85.3	0.1	2		-3.3	-3																								
	1952	7	13	11	58	33	2	1	6.8			0	"VANUATU"	"OFF EAST COAST OF VANUATU"	-18.5	169.25		2																											
	1952	9	16	2	50		4	6		4850		1	"JAPAN"	"MYOJINSHO SUBMARINE VOLCANO"	32.1	139.85	0.15	1		-1	-1																								
	1952	9	23	4	20	0	4	6		4851		1	"JAPAN"	"MYOJINSHO SUBMARINE VOLCANO"	32.1	139.85	0.05	1		-1	-1																								
	1952	9	24	3	23	0	4	6		4852		1	"JAPAN"	"MYOJINSHO SUBMARINE VOLCANO"	32.1	139.85	0.15	1		-1														31	1						1				
	1952	9	26	3	33	0	4	6		4853		1	"JAPAN"	"MYOJINSHO SUBMARINE VOLCANO"	32.1	139.85	0.1	2		-1	-1																								
	1952	10	13				0	8				0	"USA"	"COLUMBIA RIVER VALLEY, WA"				1																											
	1952	11	4	16	58	27.9	4	1	9			6	"RUSSIA"	"KAMCHATKA"	52.755	160.057	23	327		4.2	4	10000	4					1	2					10000	4					1	2				
	1952						3	8				0	"GREENLAND"	"SOUTH COAST OF NUUSSUAQ, GREENLAND"	70.3	-53		1				1	1											1	1						1				
	1953	2	14				0	8				0	"USA"	"COLUMBIA RIVER VALLEY, WA"				1																											
	1953	2	15				2	1	5.5			0	"PERU"	"CENTRAL PERU"	-12	-77.5	0.7	1		-0.5																									
	1953	2	16	11	43		0	8				0	"USA"	"COLUMBIA RIVER VALLEY, WA"			4.8	1																											
	1953	3	11				4	6		4518		2	"JAPAN"	"MYOJINSHO SUBMARINE VOLCANO"	32.1	139.85	6	2		-1	-1																								
	1953	3	17	13	4		3	1	5.8			0	"RUSSIA"	"N. KURIL ISLANDS"	50	156.5	3	1		0.6																									
	1953	3	25				4	6		6044		1	"JAPAN"	"MYOJINSHO SUBMARINE VOLCANO"	32.1	139.85	0.05	1		-1	-1																								
	1953	4	23	16	24	34	1	1	7.4			0	"PAPUA NEW GUINEA"	"RABAUL, NEW BRITAIN"	-4.449	152.868		2			0																			0.013	1				
	1953	5	6	17	16	43	1	1	7.6			0	"CHILE"	"CENTRAL CHILE"	-36.5	-72.5		0																9	1			26	1	500	4				
	1953	5	31	19	58		2	1	7.2			0	"DOMINICAN REPUBLIC"	"PUERTO PLATA"	19.8	-70.7	0.06	1		-3.3																									
	1953	6	27				3	6		2071		1	"PAPUA NEW GUINEA"	"BISMARCK SEA"	-2.4	147.4		1		0.5	1								1												1				
	1953	8	12	9	23	52	2	1	7.2			0	"GREECE"	"IONIAN SEA"	38.3	20.8		0																476	3			2412	4	100	4	27773	4		
	1953	8	19	19	0		0	8				0	"USA"	"COLUMBIA RIVER VALLEY, WA"				1																											
	1953	9	10	4	6	4.1	3	1	6.3			0	"CYPRUS"	"LEVANTIAN SEA"	34.741	32.335		2			2													40	1			100	2		2	500	3		
	1953	9	14	0	26	36	4	3	6.4			2	"FIJI"	"FIJI ISLANDS"	-18.3	178.2	15	31		1	1	5	1			12	1		1		1		1	7	1			12	1		2		2		1
	1953	11	14				1	0				0	"AUSTRALIA"	"TASMANIA"	-41	147.4	2.4	1				1	1						1					1	1						1				
	1953	11	25	17	48		4	1	7.4			0	"JAPAN"	"KASHIMA, JAPAN"	34	141.7	3	33		1.5	1.5								1					1	1						1				
	1953	12	12	17	31	25	4	1	7.4			0	"PERU"	"N. PERU"	-3.4	-80.6	1	2		-1	0.5													6	1			20	1		2	200	3		
	1954	1	21	14	0		3	9				0	"ARGENTINA"	"MAR DEL PLATA"	-38	-57	1	1									3												3						
	1954	2	11	0	30	15	0	1	7.3			0	"CHINA"	"CHINA: GANSU AND SHANXI PROVINCES"				1																							3		3		
	1954	2					4	6		4844		0	"ITALY"	"STROMBOLI ISLAND"	38.789	15.213		4			4																								
	1954	6	26				0	9				0	"USA"	"MICHIGAN CITY, IN (LAKE MICHIGAN)"	41.7	-86.883	3	5				7	1											7	1										
	1954	9	9	1	4	37	4	3	6.7			0	"ALGERIA"	"SEA OF ALBORAN"	36.283	1.467	0.33	4																1243	4			5000	4	6	3	20000	4		
	1954	10					2	0				0	"GREENLAND"	"APUTITEQ POINT, GREENLAND"	67.47	-32.283	18.28	1		4.2																									
	1954	11	18	20	44	55	4	1	6.1			0	"JAPAN"	"MIYAGI, JAPAN"	38.9	142.2		3			-1																								
	1955	1	18				2	1	5.5			0	"VENEZUELA"	"OFF THE COAST NEAR LA VELA"	11.46	-69.57		1											1				1								1				1
	1955	4	19	16	47	19	3	1	6.2			0	"GREECE"	"VOLOS GULF"	39.4	23.1		1																8	1			149	3		4	459	3	8352	4
	1955	4	19	20	24	5	4	1	7.1			0	"CHILE"	"CENTRAL CHILE"	-30	-72	1	7			1	1	1						1		1			1	1						1		1		
	1955	5	17	14	49	49	2	1	7.3			0	"INDIA"	"LITTLE NICOBAR ISLAND"	6.5	94		0																											
	1955	9	8	3	27	14	3	1	6.5			0	"PAPUA NEW GUINEA"	"SOLOMON SEA"	-6.9	155.7		1																											
	1955	9	23	15	6	23	0	1	6.8			0	"CHINA"	"JINSHA RIVER, YUNNAN PROVINCE"	26.6	101.8	1	0																											
	1955	10	10	8	57	52.9	3	1	7.3			0	"PAPUA NEW GUINEA"	"BISMARCK SEA"	-5.1	152.924		1																											
	1956	1	8	20	54	13	1	1	7.1			0	"CHILE"	"NORTHERN CHILE"	-19	-70		0																	1						1				
	1956	3	2	22	43		0	1	5.3			0	"NEW ZEALAND"	"LAKE TAUPO, NORTH ISLAND"	-38.9	175.8	0.9	0																											
	1956	3	5	23	29		4	1	6.3			0	"JAPAN"	"NE. HOKKAIDO ISLAND"	44.3	144.1	0.4	1		-1.3	-2																								
	1956	3	30	6	11		2	6		2952		1	"RUSSIA"	"KAMCHATKA"	55.978	160.587	0.3	13		-0.7																									
	1956	7	9	3	11	45.2	4	1	7.7			3	"GREECE"	"CYCLADES"	36.664	25.957	30	100		5	5	3	1						2					56	2						3				
	1956	7	9	3	24		3	1	6.8			0	"GREECE"	"AMORGOS ISLAND, AEGEAN ISLANDS"	36.8	25.5	10	1																											
	1956	8	12	16	59	37.6	-1	1	6.5			0	"JAPAN"	"IZU PENINSULA"	33.8	138.8		1		-1	-1																								
	1956	11	2	16	4	33	2	1	5.8			0	"GREECE"	"NORTH AEGEAN"	39.5	23	1.2	1		0.3	2																								
	1956	12	18	2	31	3	1	1	7			0	"CHILE"	"NORTHERN CHILE"	-25.5	-71		0																											
	1957	3	9	14	22	31.9	4	1	8.6			6	"USA"	"ANDREANOF ISLANDS, AK"	51.292	-175.629	32	332		3.9	3	2	1			1	1		3		1			2	1			1	1		3		1		
	1957	6	22	23	50	23	3	1	7.3			0	"INDONESIA"	"NW. IRIAN JAYA"	-1.5	137	1.8	2		0.8																									
	1957	7	28	8	40	1	4	1	7.9			0	"MEXICO"	"S. MEXICO"	16.5	-99.1	1.3	3		1.3	0.5													65	2				3	25	4		3		
	1957	7	29	17	15	14	1	1	7			0	"CHILE"	"NORTHERN CHILE"	-23.5	-71.5		0																											
	1957	9	26				3	1	5.5			0	"INDONESIA"	"SOUTH OF JAVA"	-8.2	107.3	0.7	0		-0.5																									
	1957	10	26	14	16	57	2	1	6			0	"INDONESIA"	"MAKASSAR STRAIT"	-2	116		1			0																								
	1957	11	1	5	0		-1	9				0	"USA"	"HAWAII"			0.1	5			-3																								
	1957	11					2	0				0	"SOLOMON ISLANDS"	"MALAITA ISLAND, SOLOMON ISLANDS"	-8.57	160.72	2.7	2		1.4																									
	1958	1	19	14	7	27	4	1	7.6			0	"ECUADOR"	"COLOMBIA-ECUADOR"	1.5	-79.5		3			2	4	1						1		1			115	3			46	1		2		2		
	1958	2	7	23	23	36	0	1	6.2			0	"CHINA"	"SICHUAN PROVINCE"	31.5	105		1																											
	1958	4	9				-1	1				0	"PERU"	"PERU"				0			1.5																								
	1958	4	21	22	37	46	2	1	6.5			0	"INDONESIA"	"BENGKULU, SUMATRA"	-4.5	104		0			0.5																								
	1958	7	10	6	15	59.9	4	3	7.8			2	"USA"	"SE. ALASKA, AK"	58.37	-136.665	524.6	17		4.6	5	5	1					0.1	1		1			5	1					0.1	1		1		
	1958	9	17	12	24		2	1	5			0	"RUSSIA"	"N. KURIL ISLANDS"	48.6	156.1	0.23	1		-2.3	-1																								
	1958	10	7	10	0		1	6		5644		0	"VANUATU"	"KUWAE VOLCANO"	-16.829	168.536		1			0																								
	1958	11	4	22	54	46	1	1	6.1			0	"PACIFIC OCEAN"	"EAST PACIFIC RISE"	-50	-115	0.1	1																											
	1958	11	6	22	58	8.6	4	1	8.3			0	"RUSSIA"	"S. KURIL ISLANDS"	44.53	148.54	5	60		2	2.5						2		2										2		2				
	1958	11	12	20	23		2	1	7			0	"RUSSIA"	"S. KURIL ISLANDS"	44.2	148.8	1	8			-1																								
	1959	1	22	5	10	0	4	1	6.8			0	"JAPAN"	"SANRIKU"	37.5	142.2	0.8	9		-0.3	-2																								
	1959	2	7	9	36	51	1	1	7.4			0	"PERU"	"N. PERU"	-4	-81.5	0.4	1			-2																				1				1
	1959	2	23				1	0				0	"GREECE"	"GRECIAN ARCHIPELAGO, CRETE"	40.63	22.97	1	4			3																								
	1959	4	9	12	24	20	2	1	5			0	"RUSSIA"	"S. KURIL ISLANDS"	44.3	149	0.1	1		-3.3	-2																								
	1959	5	4	7	15	42	4	1	8.2			0	"RUSSIA"	"KAMCHATKA"	52.5	159.5	0.2	7		1	1																								
	1959	5	7				4	8				0	"NORWAY"	"NORTHERN NORWAY"	69.817	20.917	4	1			4													9	1						1				
	1959	8	17	21	4	40	4	1	7.3			0	"SOLOMON ISLANDS"	"SOLOMON ISLANDS"	-7.5	156	1	5		1.3									2				1								3				1
	1959	8	18	6	37	13.5	0	3	7.5			0	"USA"	"HEGBEN LAKE, MONTANA"	44.712	-111.215	1	1																28	1					11	3				2
	1959	8	29	17	3	10	0	1	6.5			0	"RUSSIA"	"LAKE BAYKAL (BAIKAL)"	52	106.5		0																											
	1959	10	26	7	35	0	4	1	6.7			0	"JAPAN"	"SANRIKU"	37.5	143.2	0.11	8		-3.3	-4																								
	1960	1	13	15	40	34	1	1	7.8			0	"PERU"	"S. PERU"	-15.75	-72.75	5.7	1		2.6	3																				1				
	1960	2	29	23	40	12	1	1	6.8			0	"MOROCCO"	"MOROCCO"	30.5	-9.5		1																13100	4			25000	4	120	4		3		
	1960	3	20	17	7	30	4	1	7.5			0	"JAPAN"	"SANRIKU"	39.8	143.4	1	19		0	-2																				1				
	1960	3	23	0	23		4	1	6.7			0	"JAPAN"	"SANRIKU"	39.4	143.7	0.75	12		-1	-2.5																								
	1960	5	21	10	2	50	4	1	8.2			0	"CHILE"	"CENTRAL CHILE"	-37.872	-73.243	0.5	7			-1														1				3		1				
	1960	5	22	19	11	17	4	1	9.5	4153		26	"CHILE"	"SOUTHERN CHILE"	-38.143	-73.407	25	1277		4.6	4	2226	4			3000	4	1000	4	58622	4			2226	4			3000	4	1000	4	58622	4		
	1960	5	24				-1	0	6.7			0	"CHILE"	"SOUTHERN CHILE"				0																											
	1960	6	11	15	14	9	3	1	6.6			0	"PAPUA NEW GUINEA"	"SOLOMON SEA"	-9.4	152.3		1		-0.5	0																								
	1960	7	29	17	31	45	4	1	6.7			0	"JAPAN"	"SANRIKU"	40.3	142.5	0.3	5		-1	-3																								
	1960	11	1	8	45	59	1	1	7.4			0	"CHILE"	"SOUTHERN CHILE"	-38.5	-75.1		0																											
	1960	11	20	22	1	56.4	3	1	6.8			0	"PERU"	"N. PERU"	-6.8	-80.7	9	19		3.2	4	66	2			2	1	0.55	1					66	2			2	1	0.55	1				
	1961	1	16	7	20	0	4	1	6.8			0	"JAPAN"	"KASHIMA, JAPAN"	36	142.3	0.4	5		-1.3	-2																								
	1961	1	16	11	19	0	4	1	6.4			0	"JAPAN"	"KASHIMA, JAPAN"	36	141.9	0.4	2		-1.3	-2																								
	1961	1	16	12	12	0	4	1	6.5			0	"JAPAN"	"KASHIMA, JAPAN"	36.2	141.9	0.4	4		-1.3	-2																								
	1961	2	12	21	53	0	4	1	6.6			0	"RUSSIA"	"S. KURIL ISLANDS"	43.2	147.9	1	5			-0.5																								
	1961	2	26	18	10	48.7	4	1	7.6			0	"JAPAN"	"SEIKAIDO"	31.6	131.8	0.65	34			-0.5													2	1			7	1		2	170	3		
	1961	3	18				2	1				0	"SOLOMON ISLANDS"	"HONIARA, GUADALCANAL"	-9.43	159.95	3.6	2											1		1		1								1		1		1
	1961	5	23	2	45	19	2	1	6.4			0	"TURKEY"	"ASIA MINOR"	36.693	28.594		0			2																								
	1961	6	6				1	9				0	"ITALY"	"AEGEAN SEA"			0.9	3		-0.1	2																								
	1961	6	16	10	31	57.3	0	2	6.5			0	"COLOMBIA"	"NORTHEASTERN"	8.9	-73.4		1																											
	1961	7	18	14	4	0	4	1	6.6			0	"JAPAN"	"RYUKYU ISLANDS"	29.6	131.8	0.2	6		-2.3	-3																								
	1961	7	23	21	51	10.5	3	1	7.3			0	"VANUATU"	"VANUATU ISLANDS"	-18.421	168.411	0.9	2			-0.5								1												1				
	1961	8	1	5	39	54.4	2	1	6.4			0	"SOLOMON ISLANDS"	"SOLOMON SEA"	-9.849	160.614	0.9	0																											
	1961	8	11	15	51	0	4	1	7			0	"JAPAN"	"SE. HOKKAIDO ISLAND"	42.9	145.6	0.1	9		-3.3	-4																								
	1961	10	18	16	51	57	1	1	6.5			0	"CHILE"	"CENTRAL CHILE"	-36.7	-73		0																	1						1				
	1961	10	18	16	51	57	1	1	6.5			0	"CHILE"	"CENTRAL CHILE"	-36.7	-73		0																	1						1				
	1961	11	15	7	17	0	4	1	6.9			0	"JAPAN"	"SE. HOKKAIDO ISLAND"	42.7	145.7	0.1	9		-3.3	-3.5																								
	1962	1	11	5	5		3	1	6.1			0	"CROATIA"	"DALMATIAN COASTS"	43.3	17.1	0.04	1																1	1						2	2290	4		
	1962	3	12	11	40	16.7	3	1	6.8			0	"PANAMA"	"COSTA RICA-PANAMA"	8.008	-82.757	0.1	2		-3.3																					1				
	1962	4	12	0	52	43	4	1	7.2			0	"JAPAN"	"SANRIKU"	38.073	142.741	1	12			-2																								
	1962	4	23	5	58	0	4	1	7			0	"JAPAN"	"SE. HOKKAIDO ISLAND"	42.2	143.9	0.1	10		-3.3	-3.5																								
	1962	5	11	14	11	54.1	4	1	7			0	"MEXICO"	"S. MEXICO"	17.2	-99.6	0.81	1		-0.3	0													4	1				3		2		2		
	1962	5	19	14	58	15	3	1	7.2			0	"MEXICO"	"S. MEXICO"	17.2	-99.5	0.34	1																3	1			16	1		2		2		
	1962	5	21	12	21		2	1	5.7			0	"JAPAN"	"OFF COAST OF HONSHU ISLAND"	41.8	142.4	0.1	1			-2																								
	1962	5	28	22	57	47	1	1	4.5			1	"GREECE"	"NORTH AEGEAN SEA"	39.8	25		1																											
	1962	12	21	8	42	43	1	1	6.5			0	"USA"	"FOX ISLANDS, ALEUTIAN ISLANDS, AK"	52.47	-168.54		1																											
	1963	2	7	19	28		4	8				0	"GREECE"	"CORINTH GULF"	38.31	22.02	6	9			5	2	1			12	1		1		1			2	1			12	1		1		1		
	1963	2	13	8	50	4.5	4	1	7.3			0	"TAIWAN"	"E. TAIWAN-RYUKYU ISLANDS"	24.4	122.1	0.2	2		-2.3	-2													15	1			18	1		2		2		
	1963	3	28	10			3	0				0	"CANADA"	"GRAHAM ISLAND, BRITISH COLUMBIA"	54	-132.25	5.5	7				1	1						2					1	1						2				
	1963	3	30				2	6		351		0	"INDONESIA"	"LESSER SUNDA: BALI: AGUNG VOLCANO"	-8.342	115.508		2			2													1028	4			624	3						
	1963	9	18	16	58	14.8	4	1	6.2			0	"TURKEY"	"MARMARA SEA"	40.698	29.159	1	1			3													1	1						2	7	1	163	3
	1963	9	24	16	30	16	2	1	7			0	"PERU"	"CENTRAL PERU"	-10.385	-78.022		0																1	1						2				2
	1963	10	9	21	39		0	8				0	"ITALY"	"VAJONT DAM, VAJONT RIVER"	46.267	12.329	235	6				2000	4						3		3		3	2000	4						3		3		3
	1963	10	12	11	27	0.2	4	1	7.1			0	"RUSSIA"	"S. KURIL ISLANDS"	44.426	149.272	0.12	3		-3.3	-2																								
	1963	10	13	5	17	53.4	4	1	8.5			0	"RUSSIA"	"S. KURIL ISLANDS"	44.772	149.798	4.5	90		2.3	2.5																								
	1963	10	20	0	53	10.9	4	1	7.9			0	"RUSSIA"	"S. KURIL ISLANDS"	44.772	150.563	15	22		3.9	3																								
	1963	12	16	1	51	31	2	1	6.6			0	"INDONESIA"	"JAVA"	-6.4	105.4		1		-0.5	0																				1				1
	1963	12	18	0	30	0	2	1	7.2			0	"TONGA"	"TONGA TRENCH"	-24.8	-176.6		1			0.5																								
	1964	3	20	16			2	0				0	"USA"	"GULF OF ALASKA, AK"			0.08	1																											
	1964	3	28	3	36	14	4	3	9.2			20	"USA"	"PRINCE WILLIAM SOUND, AK"	61.017	-147.648	51.8	426		6.1	3.5	124	3					116	4		3			139	3					400	4		3		
	1964	4	2	1	11	51	3	3	7			0	"INDONESIA"	"OFF NORTHWEST COAST OF INDONESIA"	5.8	95.4		1		-0.5	0																				3		3		
	1964	5	7	7	58	0	4	1	6.9			0	"JAPAN"	"NW. HONSHU ISLAND"	40.3	139	0.6	35		-0.1	0																				2				
	1964	5	7	20	13		3	1	6.6			0	"JAPAN"	"NW. HONSHU ISLAND"	40.4	139		2			-3																								
	1964	5	19	0	0	0	3	8				0	"USA"	"LONG ISLAND, NY"	40.8	-73.1	0.28	11																											
	1964	6	16	4	1	44.3	4	1	7.5			1	"JAPAN"	"NW. HONSHU ISLAND"	38.65	139.2	5.8	168		2.7	2	26	1			450	3	80	4	1960	4			26	1			450	3	80	4	2250	4		
	1964	7	24	8	12	39	4	1	6.8			0	"RUSSIA"	"S. KURIL ISLANDS"	47.159	153.876	0.08	5		-3.3	-2																								
	1964	11	17	8	15	39.3	3	1	7.6			0	"PAPUA NEW GUINEA"	"NEW BRITAIN"	-5.7	150.7	0.05	1																							1				
	1964	12	10	15	11	7.6	4	1	6.3			0	"JAPAN"	"NW. HONSHU ISLAND"	40.4	138.9	0.1	4		-3.3	-3																								
	1965	1	24	0	11	12.1	4	1	7.6			0	"INDONESIA"	"SANANA ISLAND"	-2.4	126.1		4		2	2	71	2						4	3000	4			71	2						2	3000	4		
	1965	1	30	9	20		0	8				0	"USA"	"COLUMBIA RIVER VALLEY, WA"				1				1	1					0.07		1	1	1	1	1	1					0.07	1	1	1	1	1
	1965	2	4	5	1	21.6	4	1	8.7			0	"USA"	"RAT ISLANDS, ALEUTIAN ISLANDS, AK"	51.29	178.55	10.7	83		3.3	2.5							0.01	1											0.01	1				
	1965	2	19				0	7				0	"CHILE"	"SOUTHERN CHILE"	-41.755	-72.396	60	1				27	1						3		3			27	1						3		3		
	1965	2	23	22	11	46	1	1	7			0	"CHILE"	"NORTHERN CHILE"	-25.67	-70.63		0																											
	1965	3	9	17	57	53.7	3	1	6.3			0	"GREECE"	"AEGEAN SEA"	39.4	24		2																38	1			253	3	8	3		3		
	1965	3	22	22	56	28	1	1	6			0	"CHILE"	"CENTRAL CHILE"	-31.81	-71.26		0																											
	1965	3	30	2	27	3.4	4	1	7.6			0	"USA"	"RAT ISLANDS, ALEUTIAN ISLANDS, AK"	50.32	177.93	0.1	3		-2.3	-1																								
	1965	4	19	23	42		-1	1	6			0	"JAPAN"	"AICHI PREFECTURE"	34.9	139	0.1	2			-4																								
	1965	6	11	3	34	2	4	1	7.2			0	"RUSSIA"	"S. KURIL ISLANDS"	44.7	148.7	0.1	6		-3.3	-3																								
	1965	7	2	20	58	38.1	4	1	6.5			0	"USA"	"FOX ISLANDS, ALEUTIAN ISLANDS, AK"	53.03	-167.55	0.08	3		-3.3	-2																				1				
	1965	7	6	3	18	42.7	1	3	6.3			0	"GREECE"	"NORTH CORINTH GULF"	38.267	22.3		1		4.3	2	1	1											2	1			6	1		2				
	1965	8	11	22	31	45.9	4	1	7			0	"VANUATU"	"VANUATU ISLANDS"	-15.8	167.2	7	4		2.8	2.5																				2				2
	1965	8	13	12	40	32	2	1	7.3			0	"VANUATU"	"VANUATU ISLANDS"	-15.9	166.8	2	1		1	1								1		1										1		1		
	1965	8	23	19	46	2.9	4	1	7.8			0	"MEXICO"	"MEXICO"	16.3	-95.8	0.4	1		-1.3														6	1						1				1
	1965	9	28				4	6		762		1	"PHILIPPINES"	"TAAL, LUZON ISLAND"	14.002	120.993	4.7	1				355	3											355	3						1		1		
	1965	10	3	16	14	56	2	1	6.5			0	"CHILE"	"SOUTHERN CHILE"	-42.9	-75.13		0																											
	1965	10	24				1	6		4205		0	"GRENADA"	"KICK 'EM JENNY VOLCANO"	12.3	-61.63		0																											
	1966	3	12	16	31	21.8	3	1	7.6			0	"TAIWAN"	"E. TAIWAN-RYUKYU ISLANDS"	24.1	122.6	0.1	5		-3.3	0													7	1			11	1		2		2		
	1966	5	8				4	8				0	"NORWAY"	"EASTERN NORWAY"	59.6	10.633		0			3																								
	1966	6	15	0	59	42.7	3	1	7.1			0	"SOLOMON ISLANDS"	"SOLOMON ISLANDS"	-10.343	160.883	0.2	3		0.5	1																								
	1966	7	12	18	53		4	1	5.5			0	"RUSSIA"	"BLACK SEA"	44.75	37	0.2	7			1																								
	1966	10	17	21	41	56	4	1	8.1			0	"PERU"	"CENTRAL PERU"	-10.748	-78.638	3	60		-1	1.5							2	2		3			110	3			3000	4	35	4		3		
	1966	11	28				1	0				0	"SOLOMON ISLANDS"	"MOHAWK BAY, SANTA CRUZ ISLANDS"	-10.28	166.23		1			-0.5																								
	1966	12	28	8	18	7.4	4	1	7.8			0	"CHILE"	"NORTHERN CHILE"	-25.5	-70.7	0.42	13			0.5													3	1			6	1	0.4	1		3		
	1966	12	31	18	23	11.1	4	1	7.8			0	"SOLOMON ISLANDS"	"SANTA CRUZ ISLANDS"	-11.893	166.445	2	7			1																								
	1966	12	31	22	15	16.6	4	1	7.2			0	"SOLOMON ISLANDS"	"SANTA CRUZ ISLANDS"	-12.334	166.684	0.8	1			0																								
	1966						3	6		2234		0	"SOLOMON ISLANDS"	"TINAKULA, SANTA CRUZ ISLANDS"	-10.38	165.8		0																											
	1967	3	19	4	1	38.5	1	1	7			0	"RUSSIA"	"S. KURIL ISLANDS"	45.53	151.11		0																											
	1967	4	11	5	9	12.1	3	1	5.5			0	"INDONESIA"	"MAKASSAR STRAIT"	-3.7	119.3		2		1.6	1	13	1						1		1			71	2			100	2		2		2		
	1967	4	12	4	51	50.2	3	1	6.1			0	"INDONESIA"	"NORTHEAST SUMATRA"	5.5	97.3		1		1	1.5													14	1						3	2000	4		
	1967	7	30	0	0	4	4	1	6.6			0	"VENEZUELA"	"CARACAS"	10.559	-67.33	0.08	1																300	3			1536	3	140	4				
	1967	8	13	22	15	10	4	1	6.4			0	"PAPUA NEW GUINEA"	"BISMARCK SEA"	-4.4	152.5	0.1	1		-3.3																									
	1967	9	3				2	1	7			0	"PERU"	"CENTRAL PERU"	-10.6	-79.8	2	2		1	-1.5																								
	1967	10					0	8				0	"USA"	"GREWINGK, AK"	59.621	-151.106	60	1																											
	1967	11	15	21	31	54	1	1	5.9			0	"CHILE"	"NORTHERN CHILE"	-28.78	-71.19		0																											
	1967	12	4				1	6		4412		0	"ANTARCTICA"	"TELEPHONE BAY, DECEPCION ISLAND"	-63	-60.5	1	1			0																								
	1967	12	4				0	9				0	"USA TERRITORY"	"NORTHERN COAST OF PUERTO RICO"				6											2	80	2										2	80	2		
	1967	12	21	2	25	23	3	1	7.5			0	"CHILE"	"NORTHERN CHILE"	-21.7	-69.5		1		-0.5	0													1	1				3		2		2		
	1968	1	29	10	19	7.2	4	1	7.3			0	"RUSSIA"	"S. KURIL ISLANDS"	43.586	146.701	0.18	17		-1.7	-1																								
	1968	2	19	22	45	45.7	4	1	7.2			0	"GREECE"	"LEMNOS ISLAND, NORTH AEGEAN SEA"	39.368	24.957	1.2	3		0.3	3													20	1			18	1	0.6	1	500	3	1951	4
	1968	4	1	0	42	4.2	4	1	7.5			0	"JAPAN"	"SEIKAIDO"	32.3	132.5	3.07	62		1.3	1								1	4	1			1	1			22	1		2		2		
	1968	4	18	19	38	15	4	1	4.6			0	"ITALY"	"LIGURIA-COTE D'AZUR"	44.08	8	3	1			2																								
	1968	5	4				3	0				0	"CHILE"	"EASTER ISLAND REGION"	-27.15	-109.45		1											1												1				
	1968	5	16	0	48	55.4	4	1	8.2			1	"JAPAN"	"OFF EAST COAST OF HONSHU ISLAND"	40.8	143.2	6	329		2.3	2	52	2				1		3	529	3			52	2			330	3	131	4	1218	4		
	1968	5	16	10	39	1.6	4	1	7.5			0	"JAPAN"	"OFF COAST OF HONSHU ISLAND"	41.5	142.7	0.58	8			-0.5																								
	1968	6	12	13	41	50.7	4	1	7.2			0	"JAPAN"	"SANRIKU"	39.4	143.1	0.95	28		1.6	0																								
	1968	7	25	7	23	7.8	2	1	7.3			0	"NEW ZEALAND"	"KERMADEC ISLANDS"	-30.8	-178.4	0.05	1																											
	1968	8	1	20	19	21.9	4	1	7.3			0	"PHILIPPINES"	"E. LUZON ISLAND"	16.5	122.2	0.16	40		-1.7		1	1											270	3			261	3	8	3		1		3
	1968	8	2	14	6	43.7	3	1	7.3			0	"MEXICO"	"ACAPULCO"	16.519	-97.739		1																18	1					2.4	2				
	1968	8	5	7	17	0	1	1	6.5			0	"JAPAN"	"SEIKAIDO-NANKAIDO"	33.3	132.2	0.03	1			0																								
	1968	8	10	2	7	4.3	4	1	7.6			0	"INDONESIA"	"N. MOLUCCAS ISLANDS"	1.4	126.2	0.4	22		-1.3	1																				1				
	1968	8	14	22	14	19.4	4	1	7.8			0	"INDONESIA"	"BANDA SEA"	0.2	119.8	10	7		3.3	2.5	200	3			58	2		3	800	3			200	3			58	2		3	800	3		
	1968	9	3	8	19	52.2	4	1	6.6			0	"TURKEY"	"BLACK SEA"	41.8	32.3	3	2																24	1			200	3		3	2000	4		
	1968	9	20	6	0	5	2	1	6.5			0	"VENEZUELA"	"CARUPANO"	10.697	-62.748		1																3	1						2				
	1968	9	25	10	38	39.5	1	1	6.1			0	"MEXICO"	"S. MEXICO-GUATEMALA-NICARAGUA"	15.573	-92.536	2	0			1													20	1			500	3		2				
	1969	2	23	0	36	56.6	4	1	6.9			0	"INDONESIA"	"MAKASSAR STRAIT"	-3.1	118.9	4	5		2	2	600	3						3		3			664	3			97	2		3	1287	4		
	1969	2	28	2	40	32.5	4	1	7.8			1	"PORTUGAL"	"PORTUGAL"	36.017	-10.95	0.9	19																25	1			80	2		2		3		4
	1969	3	21				2	6		777		1	"PHILIPPINES"	"LUZON ISLAND"	19.077	122.202		1				3	1											3	1										
	1969	3	31				3	1	7			0	"EGYPT"	"GULF OF SUEZ"	27.7	34		1																2	1			16	1		3	107	3		
	1969	4	12	5	44		0	8				0	"SWEDEN"	"NORSALV RIVER"	59.4	13.5	5	1																											
	1969	4	21	7	19		4	1	6.5			0	"JAPAN"	"RYUKYU ISLANDS"	32.2	132.1	0.1	6		-2.3	-3																								
	1969	7	17	5			4	0				0	"ATLANTIC OCEAN"	"SOUTHWEST IBERIAN"	28.25	-16.26	0.06	4																											
	1969	7	18	5	24	50	4	1	7.4			0	"CHINA"	"BOHAI SEA"	38.2	119.4	0.1	3																10	1			353	3		4	15190	4	24810	4
	1969	8	2	4	30	29	4	3	5.4			0	"PAPUA NEW GUINEA"	"BISMARCK SEA"	-6.6	146.9		1			-1																								
	1969	8	11	21	26	36	4	1	8.2			0	"RUSSIA"	"S. KURIL ISLANDS"	43.6	147.9	5	75		1.4	2																				1				
	1969	8	27	1	30		3	9				0	"SOUTH AFRICA"	"SOUTH AFRICA"			2.9	15											2												2				
	1969	11	22	23	9	37	4	1	7.7			8	"RUSSIA"	"KAMCHATKA"	57.7	163.6	15	16		3.9	3								1												1				
	1969	12	25	21	32	27.3	4	1	7.2			0	"GUADELOUPE (FRENCH TERRITORY)"	"GRAND BOURG"	15.8	-59.7	0.23	3		-3.3																									
	1970	1	10	12	7	8.6	4	1	7.6			0	"PHILIPPINES"	"PHILIPPINE TRENCH"	6.8	126.7	0.06	1																											
	1970	3	11	22	38	34.6	4	1	6			0	"USA"	"ANDREANOF ISLANDS, AK"	57.5	-153.9	0.03	1																							1				
	1970	4	7	5	34	5.6	3	1	7.3			0	"PHILIPPINES"	"PHILIPPINE SEA"	15.78	121.71		1		1	1								1					15	1			200	2		2				
	1970	5	14	18	12		3	1	6.5			0	"RUSSIA"	"CASPIAN SEA"	43	47.1		0																	3						2		2		
	1970	5	31	20	23	27.3	4	1	7.9			0	"PERU"	"N. PERU"	-9.2	-78.8	0.46	15		0.8														66794	4			50000	4	530	4		3		
	1970	6	14				2	1	6			0	"CHILE"	"SOUTHERN CHILE"	-52	-73.8		0																											
	1970	6	19	10	56	13.5	2	1	6.4			0	"CHILE"	"NORTHERN CHILE"	-22.28	-70.55		0																											
	1970	7	25	22	41	10.7	4	1	7			0	"JAPAN"	"SEIKAIDO"	32.2	131.7	0.32	35		-0.7																		13	1		1				
	1970	9	28	19	1		2	1	5.1			0	"NEW ZEALAND"	"NEW ZEALAND"	-44.64	173.62	1	1																											
	1970	9	30	9	52	22.7	3	1	5.3			0	"PHILIPPINES"	"PHILIPPINE TRENCH"	20.6	122		1			0.5																				2		3		
	1970	10	31	17	53	9.3	4	3	7.3			0	"PAPUA NEW GUINEA"	"PAPUA NEW GUINEA"	-4.907	145.471	3	3		0.3	0.5	3	1											18	1			20	1	1.75	2	800	3		
	1970	11	28	11	8	40	2	1	6			0	"CHILE"	"NORTHERN CHILE"	-20.94	-69.81		0																											
	1970	12	4	1	59	25	4	1	5.1			0	"RUSSIA"	"BLACK SEA"	43.84	39.34	0.8	1			2																								
	1971	3	19				0	8				0	"PERU"	"CHUNGAR"	-11.116	-76.5	30	0				600	3						2		2			600	3						2		2		
	1971	5	2	6	8	27.8	4	1	7.1			0	"USA"	"ANDREANOF ISLANDS, AK"	51.228	-177.173	0.04	1			-3																								
	1971	7	9	3	3	18.7	4	1	7.8			0	"CHILE"	"CENTRAL CHILE"	-32.5	-71.2	1.2	1		0.3	0													83	2			447	3	236.4	4		3		
	1971	7	14	6	11	29.1	4	1	7.9			0	"PAPUA NEW GUINEA"	"SOLOMON SEA"	-5.5	153.9	6	32		1.6	1	1	1						1					3	1			5	1		1				
	1971	7	26	1	23	21.3	4	1	7.9			0	"PAPUA NEW GUINEA"	"SOLOMON SEA"	-4.9	153.2	10	39		3.3	1.5								2												2				
	1971	8	2	7	24	56.8	4	1	7.3			0	"JAPAN"	"JAPAN TRENCH"	41.4	143.5	0.51	17		-2.3	-0.5																				1				
	1971	9	5	18	35	25	4	1	7.1			0	"RUSSIA"	"TATAR STRAIT"	46.5	141.2	2	29			1																				1				1
	1971	9	6	13	37	10.8	4	1	5.5			0	"RUSSIA"	"TATAR STRAIT"	46.7	141.4	0.32	11																											
	1971	9	6	20			4	6		2235		1	"SOLOMON ISLANDS"	"TINAKULA, SANTA CRUZ ISLANDS"	-10.38	165.8		1																											
	1971	9	8	11	48	23.4	4	1	6.6			0	"RUSSIA"	"TATAR STRAIT"	46.4	141.1	0.09	2			-3																								
	1971	9	8	16	59	52.6	4	1	6.2			0	"RUSSIA"	"TATAR STRAIT"	46.3	140.9	0.07	1		-0.7	-3																								
	1971	9	25	4	36	14	2	3	7			0	"PAPUA NEW GUINEA"	"BISMARCK SEA"	-6.5	146.6	1.8	1		0.8	0.5																				1				
	1971	9	27	19	1	45.3	4	1	6			0	"RUSSIA"	"TATAR STRAIT"	46.4	141.1	0.03	1			-4																								
	1971	11	6	22	0	0.1	2	1	5.7			0	"USA"	"RAT ISLANDS, ALEUTIAN ISLANDS, AK"	51.5	179.1	0.1	2																											
	1971	12	15	8	29	55.3	4	1	7.8			3	"RUSSIA"	"KAMCHATKA"	56	163.3	0.47	12																											
	1972	1	25	2	6	23.3	4	1	7.5			0	"TAIWAN"	"E. TAIWAN"	22.5	122.3	0.05	2		-1	-2													1	1						1	5	1		
	1972	2	29	9	22	59.8	4	1	7.4			0	"JAPAN"	"EAST OFF HACHIJO ISLAND"	33.3	140.8	0.42	28		-1.3	0.5																								
	1972	6	8	18	53	41.7	2	1	6.6			0	"CHILE"	"CENTRAL CHILE"	-30.5	-71.8		0																											
	1972	7	30	21	45	14.1	4	3	7.6			0	"USA"	"SE. ALASKA, AK"	56.82	-135.685	0.1	3		-2.3	-2																				1				
	1972	8	17	23	44	5.9	4	1	7.1			0	"PAPUA NEW GUINEA"	"SOLOMON SEA"	-6	152.9	0.6	1		-1																									
	1972	8	26	8	15		3	8				0	"PAPUA NEW GUINEA"	"SOLOMON SEA"	-6.7	147	1.5	2		0.6									1												1				
	1972	9	6	11	42	23.9	-1	1	5.2			0	"JAPAN"	"JAPAN"	32.9	130.3		0																											
	1972	10	9				2	6		4704		1	"PAPUA NEW GUINEA"	"RITTER ISLAND, PAPUA NEW GUINEA"	-5.52	148.121		1																											
	1972	12	2	0	19	47.2	2	1	7.4			0	"PHILIPPINES"	"MINDANAO ISLAND, PHILIPPINES"	6.5	126.6	0.5	32		-2.3																					1				
	1972	12	4	10	16	12	4	1	7.4			0	"JAPAN"	"CHICHI JIMA"	33.3	140.7	0.5	39		-1	-1																				1				
	1972	12	29	4	51	1.6	2	1	5.4			0	"CHILE"	"CENTRAL CHILE"	-30.6	-71		0																											
	1973	1	30	21	1	12.5	4	1	7.5			0	"MEXICO"	"S. MEXICO"	18.48	-103	1.13	9		0.1														56	2			390	3		2		2		
	1973	2	28	6	37	49.5	4	1	7.2			0	"RUSSIA"	"N. KURIL ISLANDS"	50.5	156.6	1.5	7		0.6	0.5																								
	1973	3	17	8	30	51.8	4	1	7.5			0	"PHILIPPINES"	"QUEZON"	13.4	122.8	1.3	2																15	1			64	2	0.45	1				
	1973	6	17	3	55	2.9	4	1	7.7			0	"JAPAN"	"HOKKAIDO ISLAND"	43.2	145.8	5.96	72		2.2	1						1	5	2	2	1							27	1	5	2	2	1		
	1973	6	24	2	43	25.5	4	1	7.1			0	"RUSSIA"	"S. KURIL ISLANDS"	43.3	146.4	0.64	32		2.2																		1	1		1				
	1973	6	26	22	32	0.2	4	1	6.6			0	"RUSSIA"	"S. KURIL ISLANDS"	43.2	146.6	0.21	2																											
	1973	10	5	5	47	51.1	4	1	6.7			0	"CHILE"	"CENTRAL CHILE"	-32.5	-71.5	0.4	1		-1.3	-1																								
	1973	12					1	6		445		0	"INDONESIA"	"LESSER SUNDA ISLANDS"	-8.54	123.59		0				2	1											2	1										
	1974	1	31	23	30	5.3	4	1	7			0	"SOLOMON ISLANDS"	"SOLOMON ISLANDS"	-7.5	155.9	1.5	2		2.2	1																								
	1974	2	1	3	12	33.1	4	1	7.1			0	"SOLOMON ISLANDS"	"SOLOMON ISLANDS"	-7.4	155.6	4.5	4		2.2	2								2												2				
	1974	5	8	23	33	25.2	4	1	6.7			0	"JAPAN"	"TOKAIDO"	34.6	138.7	0.2	5		-2.3	-2.5													30	1			137	3		2	134	3		
	1974	8	18	10	44	12.8	1	1	7.1			0	"CHILE"	"SOUTHERN CHILE"	-38.5	-73.4		0																											
	1974	9	27	5	47	29.4	4	1	6.7			0	"RUSSIA"	"S. KURIL ISLANDS"	43.2	146.7	0.37	3		0.6	-1																								
	1974	10	3	14	21	29.1	4	1	8.1			0	"PERU"	"CENTRAL PERU"	-12.27	-77.79	0.92	35		0.8	1													78	2			2414	4	10	3		3		
	1974	10	17	19	5		4	8				0	"CANADA"	"KITIMAT INLET, BRITISH COLOMBIA"	54	-128.7	2.8	0																											
	1974	10	17				4	6		4683		1	"PAPUA NEW GUINEA"	"RITTER ISLAND, PAPUA NEW GUINEA"	-5.52	148.121	0.5	2		-1																									
	1974	12	28	12	11	43.7	0	1	6.2			0	"PAKISTAN"	"PAKISTAN"	35.1	72.9		0																5300	4			17000	4	3.255	2		3		
	1975	1	15	9	42	24	1	1	5.9			0	"INDONESIA"	"BANDA SEA"	-5	130		1																							1	81	2		
	1975	3	13	15	26	42.5	1	1	6.9			0	"CHILE"	"CENTRAL CHILE"	-29.9	-71.3		0																2	1			25	1		1				
	1975	4	27	18	5		4	8				0	"CANADA"	"KITIMAT INLET, BRITISH COLUMBIA"	53.98	-128.68	4.1	5											2												2				
	1975	5	26	9	11	51.1	4	1	7.8			0	"ATLANTIC OCEAN"	"AZORES GIBRALTAR FRACTURE ZONE"	35.962	-17.576	0.5	8																							1				
	1975	6	10	13	47	14.5	4	1	7			0	"RUSSIA"	"S. KURIL ISLANDS"	43.024	147.734	5.5	52		2.3	2								2												2				
	1975	7	20	14	37	39.9	4	1	7.9			0	"PAPUA NEW GUINEA"	"SOLOMON SEA"	-6.59	155.054	2	18		1	1								2		1										3		2		
	1975	10	31	8	28	2.6	4	1	7.6			0	"PHILIPPINES"	"PHILIPPINE TRENCH"	12.54	125.993	3	28		-0.7	-1.5	1	1						1	30	1			1	1						1	30	1		
	1975	11	29	14	47	40.9	4	3	7.7	3407		1	"USA"	"HAWAII"	19.451	-155.033	14.3	76		3	3	2	1			19	1	1.5	2					2	1			19	1	4	2				
	1975	12	16	21	1	39	3	3	4.9			0	"FIJI"	"FIJI ISLANDS"	-18.672	178.464	0.25	1																											
	1975	12	26	15	56	38.7	4	1	7.8			0	"SAMOA"	"SAMOA ISLANDS"	-16.265	-172.467	0.38	3		-0.3																									
	1976	1	14	16	47	33.5	4	1	8			0	"NEW ZEALAND"	"KERMADEC ISLANDS"	-28.427	-177.657	0.9	15		-0.1																									
	1976	1	21	10	5	24.1	4	1	7			0	"RUSSIA"	"S. KURIL ISLANDS"	44.915	149.123	0.38	5		-1.3	-2.5																								
	1976	2	4	9	1	43.4	4	1	7.5			0	"GUATEMALA"	"GUATEMALA"	15.324	-89.101	0.12	1																23000	4			76000	4	2147	4				
	1976	7	11	16	54	31.8	1	1	6.7			0	"PANAMA"	"PANAMA"	7.4	-78.1		0		-1														5	1			7	1		1				
	1976	8	16	16	11	7.3	4	1	8			0	"PHILIPPINES"	"MORO GULF"	6.292	124.09	9	28		2.3	2.5	6800	4			6500	4	134	4					8000	4			10000	4	134	4				
	1977	4	2	7	15	22.7	4	1	7.6			0	"SAMOA"	"SAMOA ISLANDS"	-16.696	-172.095	0.08	2		-3.3	-2																				1				
	1977	4	20	23	13	10.4	4	1	6.8			0	"SOLOMON ISLANDS"	"SOLOMON ISLANDS"	-9.828	163.323	0.15	6		-3.3	-1													34	1						3				
	1977	4	20	23	42	50.5	4	1	7.6			0	"SOLOMON ISLANDS"	"SOLOMON ISLANDS"	-9.89	160.348		1																							1				
	1977	4	21	4	24	9.6	4	1	8.1			0	"SOLOMON ISLANDS"	"SOLOMON ISLANDS"	-9.965	160.731	0.04	5		-3.3	-1.5													18	1			1	1		3				
	1977	6	22	12	8	33.4	4	1	7.2			0	"TONGA"	"TONGA TRENCH"	-22.878	-175.9	0.4	19																1	1			5	1	1.2	2				
	1977	8	19	6	8	55.2	4	1	8			0	"INDONESIA"	"SUNDA ISLANDS"	-11.085	118.464	15	16		3.9	3	189	3			75	2	1.2	2					189	3			75	2	1.2	2				
	1977	8	20				-1	1	5.5			0	"PAPUA NEW GUINEA"	"ADMIRALTY ISLANDS"	-1.1	146.2	0.5	0		-1																									
	1977	8	28	20	10	5	2	1	5.5			0	"PAPUA NEW GUINEA"	"ADMIRALTY ISLANDS"	-1.081	146.23	0.6	1		-0.7	-0.5																								
	1977	10	10	11	53	53.6	2	1	7.2			0	"TONGA"	"TONGA TRENCH"	-25.856	-175.406	0.03	2			-3																								
	1978	1	14	3	24	39	4	1	6.6			0	"JAPAN"	"TOKAIDO"	34.809	139.259	0.35	14		-0.7														25	1			129	3		3	85	2	544	3
	1978	3	22	0	50	32.2	4	1	6.7			0	"RUSSIA"	"S. KURIL ISLANDS"	44.026	149.002	0.07	2		0.1	-2.5																								
	1978	3	22	21	34	33.4	4	1	6.6			0	"RUSSIA"	"S. KURIL ISLANDS"	44.14	149.029	0.05	2			-3																								
	1978	3	23	0	31	2.1	4	1	6.8			0	"RUSSIA"	"S. KURIL ISLANDS"	44.209	148.971	0.17	4		-2.3	-1.5																								
	1978	3	23	3	15	20.3	4	1	7.5			0	"RUSSIA"	"S. KURIL ISLANDS"	44.932	148.439	0.3	15		-2.3	0																								
	1978	3	24	19	47	50.7	4	1	7.6			0	"RUSSIA"	"S. KURIL ISLANDS"	44.244	148.862	0.65	20		-1.7	0																								
	1978	4	29				0	8				0	"NORWAY"	"NORWAY: RISSA"	63.56	9.94	6.8	0											3					1	1						3				
	1978	6	12	8	14	26.4	4	1	7.7			0	"JAPAN"	"SANRIKU"	38.19	142.03	0.6	31			0.5													28	1			1000	4	865	4		4		
	1978	6	12				-1	1				0	"INDIA"	"INDIA"				0																											
	1978	6	14	12	32	33.9	3	1	6.9			0	"PHILIPPINES"	"MINDANAO ISLAND, PHILIPPINES"	8.249	122.403	0.03	1		-3.3																									
	1978	6	20	20	3	21	2	1	6.4			0	"GREECE"	"THESSALONIKI (SALONICA), GREECE"	40.739	23.229	0.45	5			2													50	1				3	250	4				
	1978	6	21				3	9				0	"ITALY"	"EASTERN ITALY, ADRIATIC SEA"			3	8			4						2		3										2		3				
	1978	7	23	14	42	36.9	3	1	7.4			0	"TAIWAN"	"TAIWAN"	22.282	121.512	0.05	1		-3.3	-1																								
	1978	8	14	14	17	50.4	4	1	4.4			0	"SPAIN"	"CADIZ"	36.37	-6.98	0.12	1			1																								
	1978	10	10				4	8				0	"NEW ZEALAND"	"OFF EAST COAST OF SOUTH ISLAND"	-43.08	172.97		1																											
	1978	11	29	19	52	47.6	2	1	7.8			0	"MEXICO"	"MEXICO"	16.01	-96.591	1.5	1		0.6														9	1				3		2				
	1978						1	0				0	"VIETNAM"	"TRA CO COAST"	21.4	108	3	0											1				1								1				1
	1979	2	20	6	32	32.2	4	1	6.4			0	"JAPAN"	"IWATE, JAPAN"	40.232	143.703	0.12	11		-1.7																									
	1979	2	28	21	27	8.1	4	3	7.5			0	"USA"	"SE. ALASKA, AK"	60.691	-141.671	0.15	2		-1.7																					1				
	1979	3	14	11	7	16.3	4	1	7.6			0	"MEXICO"	"S. MEXICO"	17.813	-101.276	1.3	3		-3.3														5	1			35	1	30	4	200	3		
	1979	3	31				3	9				0	"JAPAN"	"NAGASAKI, JAPAN"			4.8	2				3	1											3	1										
	1979	4	9	2	10	20.3	1	1	5.3			0	"MONTENEGRO"	"MONTENEGRO: BAR ULCINJ"	41.956	19.023		0																											
	1979	4	15	6	19	44.1	4	1	6.9			0	"MONTENEGRO"	"MONTENEGRO"	42.096	19.209	3	6			1	1	1						1					131	3			1001	4	2700	4		4		
	1979	5	15	6	59	21.2	0	1	5.6			0	"GREECE"	"CRETE"	34.53	24.437		1			1																								
	1979	7	18				4	8		4603		1	"INDONESIA"	"LOMBLEN ISLAND [LEMBATA]"	-8.6	123.5	9	1				1239	4			32	1		3		3			1239	4			32	1		3		3		
	1979	8	9				-1	8				0	"INDONESIA"	"LOMBLEN ISLAND [LEMBATA]"	-8.5	123.5		1																											
	1979	9	3	2	12		2	8	5			0	"VENEZUELA"	"PUERTO CUMAREBO"	11.517	-69.5		1											1												1				
	1979	9	12	5	17	51.4	4	1	7.9			0	"INDONESIA"	"IRIAN JAYA"	-1.679	136.04	2	2		1		100	2						2	400	2			115	3				3		3	1000	3		
	1979	10	6				4	8				0	"NORWAY"	"NORTHERN NORWAY"	65.117	12.333	2	1			3								1				1								1				1
	1979	10	16	13	57		4	8				2	"FRANCE"	"FRENCH RIVIERA (LIGURIAN SEA)"	43.7	7.25	10	6		1.6		9	1						1				2	9	1						1				2
	1979	11	16	15	21	25.7	2	1	6.9			0	"FIJI"	"FIJI ISLANDS"	-16.76	179.984		1																							2				
	1979	12	12	7	59	3.3	4	1	7.7			1	"COLOMBIA"	"COLOMBIA: OFF SHORE, PACIFIC OCEAN"	1.598	-79.358	6	53		2.3	2.5	600	3			20000	4	8	3	10000	4			600	3			20000	4	8	3	10000	4		
	1980	1	1	16	42	42.1	4	1	6.9			0	"PORTUGAL"	"AZORES"	38.727	-27.75	0.41	2			1													69	2			600	3	5	3	15000	4		
	1980	2	23	5	51	3.2	4	1	7			0	"RUSSIA"	"S. KURIL ISLANDS"	43.53	146.753	0.16	10		-0.7	-2																								
	1980	5	18				0	6		3314		0	"USA"	"WASHINGTON"	46.2	-122.18	250	2																61	2										
	1980	5	22				3	8				0	"PORTUGAL"	"AZORES"	39.374	-31.229		0																											
	1980	6	29	7	20	5.5	4	1	6.2			0	"JAPAN"	"HONSHU ISLAND"	34.808	139.181	0.56	16		-0.7																		7	1		2				
	1980	7	17	19	42	23.2	4	1	7.9			0	"SOLOMON ISLANDS"	"SOLOMON ISLANDS"	-12.525	165.916	0.14	34		-1.7																									
	1980	10	10	12	25	23.5	4	3	7.7			0	"ALGERIA"	"EL ASNAM"	36.195	1.354	0.7	6			2													5000	4			9000	4	5200	4	250000	4		
	1981	1	18	18	17	24.4	4	1	6.9			0	"JAPAN"	"E. HONSHU ISLAND"	38.64	142.75	0.37	28		-1.3																									
	1981	2	24	20	53	38.4	4	1	6.7			0	"GREECE"	"ATHENS-EASTERN GULF OF CORINTH"	38.222	22.934	0.3	4			3													22	1			400	3	812	4	8000	4		
	1981	3	4	21	58	5.9	3	1	6.4			0	"GREECE"	"GULF OF CORINTH"	38.209	23.288	1	0																											
	1981	5	11	7	10		2	8				0	"SOUTH AFRICA"	"AGULHAS BANK"	-35.616	20.267	0.29	9																											
	1981	5	25	5	25	14.4	4	1	7.6			0	"NEW ZEALAND"	"NEW ZEALAND"	-48.786	164.357	0.3	1		-1.7																									
	1981	9	1	9	29	31.5	4	1	7.7			0	"SAMOA"	"SAMOA ISLANDS"	-14.96	-173.085	1	4		-3.3	-2		1						1		1				1						1		1		
	1981	10	20				3	7		7525		0	"INDONESIA"	"KRAKATAU"	-6.102	105.423	2	1																											
	1981	10	25	3	22	15.5	4	1	7.3			0	"MEXICO"	"MEXICO"	18.084	-102.084	0.09	1																3	1			28	1		2				2
	1982	1	11	6	10	6.4	2	1	7.1			0	"PHILIPPINES"	"PHILIPPINES"	13.752	124.358	0.1	1																											
	1982	2	24	4	22	40.3	2	1	5.4			0	"INDONESIA"	"JAVA TRENCH"	4.374	97.755		0																											
	1982	3	11	10	32	27.1	1	1	6.6			0	"INDONESIA"	"SUMBAWA ISLAND"	-9.265	118.479	0.1	0																											
	1982	3	21	2	32	7.7	4	1	6.9			0	"JAPAN"	"HOKKAIDO ISLAND"	42.158	142.361	1.3	31		0.4														110	3			100	2	1	2				
	1982	7	23	14	23	53.5	4	1	7.2			0	"JAPAN"	"IBARAKI, JAPAN"	36.194	141.702	0.4	22		-1.3	-1																								
	1982	12	19	17	43	54.8	4	1	7.5			0	"TONGA"	"KERMADEC ISLANDS"	-24.133	-175.864	0.2	4		-2.3																									
	1982	12	25	12	28	2.8	-1	3	6			0	"INDONESIA"	"FLORES SEA"	-8.405	123.08		0																13	1			390	3	1.45	2	1875	4		
	1982	12	28	6	37	42.5	4	1	6.4			0	"JAPAN"	"S. OF HONSHU ISLAND"	33.826	139.434	0.19	1		-1.3	-1																								
	1983	1	17	12	41	29.7	3	1	7.2			0	"GREECE"	"IONIAN SEA"	38.026	20.228		1																											
	1983	3	12	1	36	35.8	4	1	6.9			0	"INDONESIA"	"BANDA SEA"	-4.056	127.924	3	1		1.6	1.5																								
	1983	3	18	9	5	50	4	1	7.9			0	"PAPUA NEW GUINEA"	"NEW BRITAIN"	-4.883	153.581	0.13	4		-1.7																					2				
	1983	5	26	2	59	59.6	4	1	7.8			6	"JAPAN"	"NOSHIRO, JAPAN"	40.462	139.102	14.93	230		3.9	2	100	2			324	3	800	4	3513	4			104	3			324	3	800	4	3513	4		
	1983	6	9	12	49	3.8	4	1	5.9			0	"JAPAN"	"NOSHIRO, JAPAN"	40.249	138.948	0.6	1																											
	1983	6	21	6	25	27.3	4	1	6.9			0	"JAPAN"	"N. HONSHU ISLAND"	41.346	139.099	1	27																							1				
	1983	8	6	15	43	51.2	2	1	7			0	"GREECE"	"NORTH AEGEAN SEA"	40.142	24.766		1			2																				1				
	1983	8	17	10	55	54.1	4	1	7.1			0	"RUSSIA"	"KAMCHATKA BAY, RUSSIA"	55.867	161.287	0.1	1		-3.3																									
	1983	8	17	12	17	56	4	1	6.6			0	"PHILIPPINES"	"LUZON ISLAND"	18.231	120.86	0.1	1																16	1			47	1		2		3		
	1983	8	17				1	6		447		0	"INDONESIA"	"LESSER SUNDA ISLANDS"	-8.54	123.59		0																											
	1983	8	18	9			4	8				0	"NORWAY"	"WESTERN NORWAY"	61.233	7.717	7	1			4								1												1				
	1983	10	4	18	52	13.3	4	1	7.7			0	"CHILE"	"NORTHERN CHILE"	-26.535	-70.563	0.2	1		-2.3	0.2													5	1			12	1	1	2	40	1		
	1983	11	30	17	46	0.6	4	1	7.7			0	"UK TERRITORY"	"CHAGOS ARCHIPELAGO REGION"	-6.852	72.11	1.5	3		-1.3									1												1				
	1984	1	8	15	24	13.5	1	1	6.8			0	"INDONESIA"	"SULAWESI"	-2.823	118.806		0																2	1			89	2	0.5	1			685	3
	1984	2	11	8	2	51.5	4	1	5.4			0	"GREECE"	"CORINTHOS GULF, GREECE"	38.396	22.094		1			3																								
	1984	3	24	9	44	2.6	4	1	7.2			0	"RUSSIA"	"S. KURIL ISLANDS"	44.117	148.192	0.2	3		-2.3	-2																								
	1984	6	13	2	29	25.3	4	1	5.5	7538		0	"JAPAN"	"TORI SHIMA, OKINAWA"	31.448	140.036	0.5	9		0.6																									
	1984	8	6	19	6	38.3	4	1	7			0	"JAPAN"	"KYUSHU, JAPAN"	32.386	131.945	0.2	6		-2.3																		9	1						
	1984	8	15				3	5		40		0	"CAMEROON"	"LAKE MONOUN"	6.25	10.5	5	1																37	1										
	1984	9	18	17	2	44.3	4	1	6.9			0	"JAPAN"	"HONSHU ISLAND"	34.006	141.5	0.13	12		-3.3																									
	1984	12	28	10	37	53.7	4	1	6.8			0	"RUSSIA"	"KAMCHATKA"	56.194	163.46	0.2	2		-2.3																									
	1985	3	3	22	47	9.5	4	1	8			0	"CHILE"	"CENTRAL CHILE"	-33.132	-71.708	3.5	64		1.6														180	3			2575	4	1500	4		4		
	1985	3	16	14	54	0.7	4	1	6.4			0	"GUADELOUPE (FRENCH TERRITORY)"	"GUADELOUPE"	17.013	-62.448	0.12	1		-3.3																		6	1		2				
	1985	4	13	1	6	0.1	2	1	6.2			0	"INDONESIA"	"BALI ISLAND"	-9.245	114.185	2	1																											
	1985	7	3	4	36	51.7	4	3	7.3			0	"PAPUA NEW GUINEA"	"NEW IRELAND"	-4.439	152.828	1.3	2		0.4																				1	2		1		
	1985	9	19	13	17	47.3	4	1	8			1	"MEXICO"	"MEXICO"	18.19	-102.533	3	19		1.6									1					9500	4			30000	4	4000	4		4		
	1985	9	21	1	37	13.4	4	1	7.6			0	"MEXICO"	"MEXICO"	17.802	-101.647	1.2	3		0.3																									
	1986	5	7	22	47	10.8	4	1	8			0	"USA"	"ANDREANOF ISLANDS, AK"	51.52	-174.776	0.9	66		-0.1																					2				2
	1986	5	17	16	20	22.2	1	1	6.4			0	"USA"	"ANDREANOF ISLANDS, AK"	52.327	-174.504		0																											
	1986	8	21				4	6		1719		0	"CAMEROON"	"LAKE NYOS"	6.25	10.5	75	1																1700	4			300	3						
	1986	10	20	6	46	9.9	4	1	7.8			0	"NEW ZEALAND"	"KERMADEC ISLANDS"	-28.117	-176.367	0.22	8		-2.18																									
	1986	11	14	21	20	10.5	4	1	7.8			0	"TAIWAN"	"TAIWAN"	23.901	121.574	0.3	5								6			1					15	1			50	1		1				
	1987	2	6	13	16	17.8	4	1	6.7			0	"JAPAN"	"E. HONSHU ISLAND"	36.988	141.689	0.1	3		-3.3																									
	1987	2	8	18	33	58.3	4	1	7.4			0	"PAPUA NEW GUINEA"	"SOLOMON SEA"	-6.088	147.689	1.5	1		1														3	1					2.625	2		3		
	1987	2	21	7	40		4	8				0	"NORWAY"	"WESTERN NORWAY"	62.2	6.65	3	1			2																								
	1987	3	5	9	17	5.2	4	1	7.6			0	"CHILE"	"NORTHERN CHILE"	-24.388	-70.161	0.2	6		-2.3														1	1						2				
	1987	3	18	3	36	30.3	4	1	6.7			0	"JAPAN"	"KYUSHU ISLAND"	32.034	131.837	0.04	1		-3.3														2	1			5	1		2				
	1987	3	24	12	49	47	4	1	5.1			0	"JAPAN"	"HONSHU ISLAND"	37.447	137.865	0.16	3																											
	1987	5	20				4	8				0	"NEW ZEALAND"	"DEEP COVE"	-45.46	167.15		1																											
	1987	6	18	14	3	16.7	1	1	6.3			0	"SOLOMON ISLANDS"	"SOLOMON ISLANDS"	-10.717	162.33		1																											
	1987	7	6	2	49	42.7	3	1	6.7			0	"VANUATU"	"VANUATU ISLANDS"	-14.074	167.828	0.1	1																											
	1987	10	6	4	19	6	4	1	7.3			0	"TONGA"	"TONGA ISLANDS"	-17.94	-172.225	0.25	2		-3.3																									
	1987	10	12	13	57	4.7	4	1	7			0	"PAPUA NEW GUINEA"	"SOLOMON SEA"	-7.288	154.371	0.04	1		-0.5																									
	1987	10	16	20	48	1.6	4	1	7.4			0	"PAPUA NEW GUINEA"	"SOLOMON SEA"	-6.266	149.06	0.07	2		-3.3									1												2				
	1987	11	17	8	46	53.3	4	1	7.2			0	"USA"	"GULF OF ALASKA, AK"	58.586	-143.27	0.06	1		-3.3																									
	1987	11	26	1	43	14	-1	1	6.6			0	"INDONESIA"	"TIMOR SEA"	-8.247	124.155	0.1	0																											
	1987	11	30	19	23	19.5	4	1	7.9			0	"USA"	"GULF OF ALASKA, AK"	58.679	-142.786	0.43	10		-1									1												1				
	1988	2	5	14	1	2.7	4	1	7.2			0	"CHILE"	"NORTHERN CHILE"	-24.753	-70.433	0.1	1																											
	1988	3	6	22	35	36.9	4	1	7.8			0	"USA"	"GULF OF ALASKA, AK"	57.262	-142.747	0.19	8		-2.3																				0.005	1				
	1988	4	20	5	30		4	8				0	"ITALY"	"LA FOSSA VOLCANO, VULCANO IS."	38.4	14.967	2	1																											
	1988	4	30				-1	9				0	"USA"	"S. CALIFORNIA"				1																											
	1988	6	24	2	6	26.3	4	1	5.4			0	"PHILIPPINES"	"NORTH OF LUZON ISLAND"	18.606	121.013	1.03	2																											
	1988	7	5	20	32	7.2	4	1	6.8			0	"PAPUA NEW GUINEA"	"PAPUA NEW GUINEA"	-5.964	148.78		2																											
	1988	8	6	0	36	24.6	0	1	7.2			0	"BANGLADESH"	"JAMUNA RIVER, ARICHA, BANGLADESH"	25.149	95.127		0				2	1	30	1									5	1	30	1	42	1		2				
	1988	8	10	4	38	29.2	4	1	7.6			0	"SOLOMON ISLANDS"	"SOLOMON ISLANDS"	-10.258	160.896	0.09	2		-3.3		1	1						1	100	2			1	1						1	100	2		
	1988	8	20	23	9	9.5	0	1	6.6			0	"BANGLADESH"	"BANGLADESH"	26.755	86.616		1				2	1		1									998	3		1			131.5	4				
	1989	5	23	10	54	46.3	4	1	8.1			0	"AUSTRALIA"	"MACQUARIE ISLAND"	-52.341	160.568	0.15	4		-1.7																									
	1989	6	26	3	27	3.9	4	3	6.5			0	"USA"	"HAWAII"	19.362	-155.083	0.29	3		-1.7																									
	1989	9	4	13	14	58.2	4	1	7.1			0	"USA"	"SEMIDI ISLANDS, AK"	55.543	-156.835	0.1	2		-3.3																									
	1989	10	18	0	4	15.2	4	1	6.9			0	"USA"	"N. CALIFORNIA"	37.036	-121.883	1	3		-3.3									1					62	2			3757	4	5600	4		3		
	1989	10	29	5	25	38.2	4	1	6.5			0	"JAPAN"	"N. HONSHU ISLAND"	39.571	143.333	0.11	4																											
	1989	10	29	19	9	12.9	2	1	5.9			0	"ALGERIA"	"ALGIERS, CHERCHELL, TIPAZA"	36.788	2.448		1																30	1			245	3	5	2				
	1989	11	1	10	25	52.2	3	1	4.4			0	"USA TERRITORY"	"PUERTO RICO"	18.986	-68.833	0.1	1																											
	1989	11	1	18	25	34.9	3	1	7.4			0	"JAPAN"	"JAPAN"	39.837	142.76	0.9	12		-0.7																									
	1990	2	8	7	15	32.2	4	1	6.6			0	"PHILIPPINES"	"PHILIPPINES"	9.755	124.694	2.1	0																	2			300	3	0.9	1			600	3
	1990	2	20	6	53	39.8	4	1	6.4			0	"JAPAN"	"JAPAN"	34.706	139.252	0.16	1		-1.7																									
	1990	3	25	13	22	55.6	4	1	7			0	"COSTA RICA"	"COSTA RICA"	9.919	-84.808	1	4																				15	1		2	8	1	34	1
	1990	4	5	21	12	35.5	4	1	7.5			0	"USA TERRITORY"	"MARIANA TRENCH, N. MARIANA ISLANDS"	15.125	147.596	1.8	34		-1																									
	1990	5					1	0				0	"PHILIPPINES"	"CANIGUIN IS.,PHILIPPINES"	7	126	5	1																											
	1990	6	20	21	0	9.9	3	3	7.3			0	"IRAN"	"CASPIAN SEA"	36.957	49.409	2	6																40000	4			105000	4	7200	4	100000	4		
	1990	9	23	21	13	7.4	4	1	6.5			0	"JAPAN"	"W. OF BONIN ISLANDS, IZU IS., JAPAN"	33.267	138.643	0.2	4																											
	1990	12	13	0	24	25.7	4	1	5.3			0	"ITALY"	"EASTERN SICILY"	37.3	15.438	0.1	1																19	1			200	3	500	4				
	1990	12	13	19	50	17.8	4	1	6.3			0	"TAIWAN"	"TAIWAN"	23.722	121.627	0.04	2																							1				
	1991	1	4				1	0				0	"GREECE"	"EAST AEGEAN SEA"	37.7	26.3		1																											
	1991	2	9	16	18	58.3	4	1	6.9			0	"SOLOMON ISLANDS"	"SOLOMON ISLANDS"	-9.929	159.139	0.02	1		-3.3																					1				
	1991	2	16	1	23	40.4	4	1	5.7			0	"RUSSIA"	"N. KURIL ISLANDS"	48.268	154.328	0.1	1		-3.3																									
	1991	2	21	2	35	34	4	1	6.7			0	"USA"	"BERING SEA, AK"	58.427	-175.45	0.15	2		-1.7																									
	1991	4	22	21	56	51.8	4	1	7.6			0	"COSTA RICA"	"LIMON, PANDORA"	9.685	-83.073	3	30		1		3	1						1		2			90	2			895	3	510	4		3		
	1991	5	7				1	9				0	"GREECE"	"EAST AEGEAN SEA"	37.133	26.833	0.5	1		-3.3																									
	1991	10	14	15	58	12.7	4	1	7.2			0	"SOLOMON ISLANDS"	"SOLOMON ISLANDS"	-9.094	158.442	0.15	2		-3.3	-2.5																								
	1991	12	22	8	43	13.4	1	1	7.6			0	"RUSSIA"	"S. KURIL ISLANDS"	45.533	151.021	0.52	6			0.5																								
	1992	1	5	6			4	1	3.7			0	"CHINA"	"SOUTH CHINA SEA"	18	108	0.8	5		-0.3									1												1				
	1992	4	25	18	6	4.2	4	1	7.2			0	"USA"	"CAPE MENDOCINO, N. CALIFORNIA"	40.368	-124.316	1.8	14		0.8	0.5																	98	2	66	4				
	1992	5	17	10	15	31.3	4	1	7.3			1	"PHILIPPINES"	"PHILIPPINES"	7.191	126.762	6	3											1	12											1	12	1		
	1992	5	27	5	13	38.8	4	1	7.1			0	"SOLOMON ISLANDS"	"SANTA CRUZ ISLANDS"	-11.122	165.239		1																											
	1992	7	3				2	9				0	"USA"	"DAYTONA BEACH, FL"			3	4								75	2		1									75	2		1				
	1992	7	18	8	36	58.7	4	1	7			0	"JAPAN"	"HONSHU ISLAND"	39.419	143.33	0.3	4		-2.3	-0.5																								
	1992	8	11	15	14	55.1	1	1	6.3			0	"JAPAN"	"HONSHU"	32.536	141.641		0																											
	1992	9	2	0	16	3.3	4	1	7.6			8	"NICARAGUA"	"NICARAGUA"	11.5	-87.609	9.9	81		3.3	2.8	170	3			489	3	30	4	1500	4			170	3			489	3	30	4	1500	4		
	1992	12	12	5	29	26.3	4	3	7.8			9	"INDONESIA"	"FLORES SEA"	-8.48	121.896	26.2	111		4.7	2.7	1169	4			500	3	100	4	31785	4			2500	4			2103	4	100	4	31785	4		
	1993	2	7	13	27	42	4	1	6.3			0	"JAPAN"	"HONSHU ISLAND"	37.634	137.245	0.5	1		-1	-0.5																								
	1993	3	12	14	1	35.4	3	1	6.4			0	"WALLIS AND FUTUNA (FRENCH TERRITORY)"	"FUTUNA"	-14.385	-178.252		1											1					5	1			20	1		1		2		2
	1993	6	8	13	3	36.4	4	1	7.5			0	"RUSSIA"	"KAMCHATKA"	51.218	157.829	0.1	6		-1	-0.5																								
	1993	6	18	11	52	54.8	1	1	6.6			0	"NEW ZEALAND"	"KERMADEC ISLANDS"	-28.886	-176.819		1																											
	1993	7	12	13	17	11.9	4	1	7.7			19	"JAPAN"	"SEA OF JAPAN"	42.851	139.197	32	196		5	3.1	208	3			233	3	1207	4	2374	4			231	3			233	3	1207	4	2374	4		
	1993	8	7	19	42	41.9	4	1	6.3			0	"JAPAN"	"JAPAN"	41.985	139.839	0.16	1																											
	1993	8	8	8	34	24.9	4	1	7.8			0	"USA TERRITORY"	"GUAM, MARIANA ISLANDS"	12.982	144.801	2.4	48		-1									1									48	1	250	4				
	1993	11	13	1	18	4.1	4	1	7			0	"RUSSIA"	"KAMCHATKA"	51.934	158.647	0.05	1		-3.3	-3																								
	1994	1	4				1	9				0	"USA"	"COREA HARBOR, MAINE"	44.4	-67.97	1.5	1																											
	1994	1	17	12	30	55.3	3	1	6.7			0	"USA"	"WEST COAST, USA"	34.213	-118.537	0.1	0		-3.3	-3													60	2			7000	4	40000	4	40000	4		
	1994	1	21	2	24	29.9	4	1	7			0	"INDONESIA"	"HALMAHERA"	1.015	127.733	2	3		1	1.5													9	1			300	3		2			550	3
	1994	2	15	17	7	43.8	-1	1	6.9			0	"INDONESIA"	"SOUTHERN SUMATRA"	-4.967	104.302		0																											
	1994	4	8	1	10	40.8	4	1	6.4			0	"JAPAN"	"HOKKAIDO ISLAND"	40.608	143.683	0.11	3		-2.3	-1.5																								
	1994	4	28	11	30		4	8				0	"NORWAY"	"WESTERN NORWAY"	61.267	6.583	4	1			4								1												1				
	1994	5	24	4	0	42.1	1	1	6.5			0	"TAIWAN"	"TAIWAN"	23.959	122.448	0.02	1																											
	1994	6	2	18	17	34	4	1	7.8			5	"INDONESIA"	"SOUTH OF JAVA"	-10.477	112.835	13.9	74		3.7	2.5	238	3			423	3	2.2	2	1500	4			238	3			423	3	2.2	2	1500	4		
	1994	6	3	21	6	59.8	4	1	6.6			0	"INDONESIA"	"SOUTH OF JAVA"	-10.362	112.892	3.7	1																											
	1994	6	4	0	57	50.6	2	1	6.5			0	"INDONESIA"	"SOUTH OF JAVA"	-10.777	113.366		0																											
	1994	6	5	1	45	2.7	4	1	6.1			0	"INDONESIA"	"SOUTH OF JAVA"	-10.341	113.369	3	1																											
	1994	9	1	15	15	53	4	1	7			0	"USA"	"N. CALIFORNIA"	40.402	-125.68	0.07	1		-3.3	-3																				1				
	1994	9	16	6	20	18.7	4	1	6.7			0	"TAIWAN"	"TAIWAN STRAIT"	22.528	118.711	0.24	3																1	1			400	3		2				2
	1994	9	19				4	6		2180		0	"PAPUA NEW GUINEA"	"PAPUA NEW GUINEA"	-4.238	152.214	3	3		1.2									1	30	1			4	1					86	4		1		
	1994	10	4	13	22	55.8	4	1	8.3			2	"RUSSIA"	"S. KURIL ISLANDS"	43.773	147.321	10.4	118		2.3	2.6								1	2	1	1	1	11	1			382	3		3				
	1994	10	8	21	44	7.2	4	1	6.8			0	"INDONESIA"	"HALMAHERA"	-1.258	127.98	3	1		1.6	1.5	1	1			52	2		2			500	3	1	1			52	2		2			500	3
	1994	10	9	7	55	39.5	4	1	7.3			0	"RUSSIA"	"S. KURIL ISLANDS"	43.905	147.916	0.2	2		-3.3	-3																								
	1994	11	4	4	12		4	8				0	"USA"	"SKAGWAY, AK"	59.5	-135.3	9	2		3.5	2.5	1	1					25	4					1	1					25	4				
	1994	11	14	19	15	30.6	4	1	7.1			3	"PHILIPPINES"	"PHILIPPINE ISLANDS"	13.525	121.067	7.3	56		2.9	2.1	81	2			225	3	3.7	2	797	3	3288	4	81	2			225	3	3.7	2	797	3	3288	4
	1994	12	28	12	19	23	4	1	7.8			0	"JAPAN"	"TOHUKU, JAPAN"	40.525	143.419	0.53	13																3	1			200	3	170.4	4				
	1994						3	8				0	"RUSSIA"	"KERCH STRAIT"	45.22	36.72	0.5	0																											
	1995	1	16	20	46	52.1	4	1	6.9			0	"JAPAN"	"KOBE, JAPAN"	34.583	135.018	0.34	2		-2.3	-2													5502	4			36896	4	100000	4	200000	4		
	1995	4	7	22	6	56.8	4	1	7.4			0	"SAMOA"	"SAMOA ISLANDS"	-15.199	-173.529	0.09	2		-1.7	-1.5																								
	1995	4	21	0	34	46	4	1	7.2			0	"PHILIPPINES"	"SAMAR ISLAND"	12.059	125.58	0.2	1		-3.3	-2																								
	1995	4	21	5	17	1.3	4	1	6.8			0	"PHILIPPINES"	"SAMAR ISLAND"	12.047	125.92	0.2	0		-2.3	-2																								
	1995	5	13	8	47	12.7	-1	1	6.6			0	"GREECE"	"GREECE"	40.149	21.695		1																											
	1995	5	14	11	33	21.1	4	3	6.9			0	"INDONESIA"	"TIMOR SEA"	-8.452	125.049	4	2		2	1.5	11	1			19	1		1		2			11	1			19	1		1		2		
	1995	5	16	20	12	44.2	4	1	7.7			0	"NEW CALEDONIA"	"LOYALTY ISLANDS"	-23.008	169.9	0.5	9		-1.3	-2																								
	1995	5	27	13	3	52.6	4	1	7.1			0	"RUSSIA"	"SAKHALIN ISLAND"	52.629	142.827	0.1	2		-2.3	-2													1989	4			750	3	300	4				
	1995	6	15	0	15	48.7	4	3	6.5			1	"GREECE"	"GULF OF CORINTH: AIYION"	38.401	22.283	1	2		-1	3													26	1			60	2	660	4				
	1995	7	30	5	11	23.6	4	1	8			3	"CHILE"	"NORTHERN CHILE"	-23.34	-70.294	3	91		1.6	1.5							0.131	1		3			3	1			58	2	1.791	2	115	3		
	1995	8	16	10	27	28.6	4	1	7.7			0	"PAPUA NEW GUINEA"	"SOLOMON SEA"	-5.799	154.178	0.28	2		-1	-1.5																				1				
	1995	9	14	14	4	31.4	3	1	7.4			0	"MEXICO"	"S. MEXICO"	16.779	-98.597	0.4	1		-1.3	-1													3	1			100	2		2				
	1995	10	9	15	35	53.9	4	1	8			1	"MEXICO"	"S. MEXICO"	19.055	-104.205	11	34		2.3	2.5	1	1						1		1			50	1			200	3		2		2		
	1995	10	18	10	37	26.3	4	1	7.1			0	"JAPAN"	"RYUKYU ISLANDS"	27.929	130.175	2.59	42		0.8	1.5								1									1	1		1				
	1995	10	19	2	41	36.1	4	3	6.8			0	"JAPAN"	"RYUKYU ISLANDS"	28.094	130.148	1.5	16		0.6	0.5																								
	1995	11	1	0	35	32.7	4	1	6.7			0	"CHILE"	"NORTHERN CHILE"	-28.906	-71.417	0.1	1		-3.3	-3																								
	1995	11	22	4	15	11.9	4	1	7.2			0	"EGYPT"	"GULF OF ELAT-AQABA"	28.826	34.799	4	7											2		1			11	1			47	1		2		1		
	1995	12	3	18	1	8.9	4	1	7.9			0	"RUSSIA"	"S. KURIL ISLANDS"	44.663	149.3	1.1	37		0.1	0.5																								
	1996	1	1	8	5	10.8	4	1	7.9			0	"INDONESIA"	"SULAWESI"	0.729	119.931	3.43	16		2.3	1.8	9	1			63	2	1.2	2	400	3			9	1			63	2	1.2	2	400	3		
	1996	1	1				4	8				0	"GREECE"	"W. CORINTH GULF"	38.367	22.083	2	1			2								1												1				
	1996	1	2	15	40		4	6		2921		2	"RUSSIA"	"KARYMSKOYE, KAMCHATKA, RUSSIA"	54.05	159.43	30	1											1												1				
	1996	2	17	5	59	30.5	4	1	8.2			1	"INDONESIA"	"IRIAN JAYA"	-0.891	136.952	7.7	115		2.9	1.8	110	3			100	2	4.2	2		4			164	3			432	2	4.2	2	5043	4		
	1996	2	21	12	51	1.3	4	1	7.5			1	"PERU"	"N. PERU"	-9.593	-79.587	5.04	59		2.3	1.9	12	1			57	2		1	15	1	22	1	12	1			57	2		1	15	1	22	1
	1996	2	25	3	8	15.8	4	1	7.1			0	"MEXICO"	"MEXICO"	15.978	-98.07	0.1	1		-3.3	-3																								
	1996	4	24	8	0		0	0				1	"SWITZERLAND"	"LAKE BRIENZ"	46.73	7.97	0.5	0																											
	1996	6	10	4	3	35.4	4	1	7.9			0	"USA"	"ANDREANOF ISLANDS, AK"	51.564	-177.632	0.51	64			0.5																								
	1996	6	10	15	24	56	4	1	7.3			0	"USA"	"ANDREANOF ISLANDS, AK"	51.478	-176.847	0.18	1		-3.3	-1.5																								
	1996	9	4	18	16	1.9	4	1	5.7	7539		0	"JAPAN"	"HONSHU ISLAND"	31.555	139.931	0.3	14		-2.3	-2																								
	1996	9	5	8	14	14.4	4	1	6.9			0	"CHILE"	"EASTER ISLAND REGION"	-22.118	-113.436	0.09	2		-3.3	-2.5																								
	1996	9	5	23	42	6	4	1	6.8			0	"TAIWAN"	"TAIWAN REGION"	21.898	121.498	0.11	3																											
	1996	10	18	10	50	20.8	4	1	6.6			0	"JAPAN"	"KYUSHU ISLAND"	30.568	131.093	0.2	1		-2.3	-2.5																								
	1996	10	19	14	44	40.7	4	1	6.7			0	"JAPAN"	"KYUSHU ISLAND"	31.885	131.468	0.55	6		0.1	0.5																				1				
	1996	11	12	16	59	44	4	1	7.7			0	"PERU"	"S. PERU"	-14.993	-75.675	0.4	3		-1.7	-1													14	1			560	3		4			4000	4
	1996	12	2	22	17	59.2	4	1	6.7			0	"JAPAN"	"SEA OF JAPAN"	31.789	131.314	0.2	4		-2.3	-2																								
	1997	3	12				3	0				0	"NEW CALEDONIA"	"NEW CALEDONIA"	-21.7	168	2	1																											
	1997	4	10				1	0				0	"HONDURAS"	"GULF OF FONSECA"	13.1	-87.6	15	1										0.3	1											0.3	1				
	1997	4	18				1	0				0	"AUSTRALIA"	"NORFOLK ISLAND"				1																											
	1997	4	21	12	2	26.4	4	1	7.7			0	"SOLOMON ISLANDS"	"SANTA CRUZ IS. VANUATU"	-12.584	166.676	3	41		-2.3	-2								1	7	1										1	7	1		
	1997	7	9	19	24	13.1	3	1	7			0	"VENEZUELA"	"CARIACO-CUMANA"	10.598	-63.486		1																81	2			522	3	81	4				
	1997	9	30	6	27	24.7	4	1	6.2			0	"JAPAN"	"S. OF HONSHU ISLAND"	31.959	141.878	0.03	1																											
	1997	10	14	9	53	18.1	4	1	7.7			0	"TONGA"	"TONGA ISLANDS"	-22.1	-176.77	0.1	1																											
	1997	12	5	11	26	54.6	4	1	7.8			0	"RUSSIA"	"KAMCHATKA"	54.841	162.035	8	18		0.6	0.5																								
	1997	12	14	3	30		3	8				0	"RUSSIA"	"KAMCHATKA"	54.841	162.035	8	1		3	2								1												1				
	1997	12	26	8			4	7		4808		0	"MONTSERRAT"	"WHITE RIVER VALLEY"	16.72	-62.18	3	1																											
	1998	3	19	18	30		4	8				0	"NORWAY"	"WESTERN NORWAY"	61.183	5.267	6	1			4								2				2								2				2
	1998	3	25	3	12	25	3	1	8.1			0	"ANTARCTICA"	"BALLENY ISLANDS"	-62.877	149.527	0.01	0																											
	1998	5	3	23	30	21.9	4	1	7.5			0	"TAIWAN"	"TAIWAN:  SOUTHEAST OF"	22.306	125.308	0.13	15																											
	1998	5	30	18	18	15	4	1	6.2			0	"JAPAN"	"SANRIKU"	39.027	143.441	0.01	0																											
	1998	7	17	8	49	16.1	4	3	7			20	"PAPUA NEW GUINEA"	"PAPUA NEW GUINEA"	-2.943	142.582	15.03	93				1636	4			1000	3		3		3			1636	4			1000	3		3		3		
	1998	11	29	14	10	31.9	2	1	7.7			0	"INDONESIA"	"TALIABU ISLAND"	-2.071	124.891	2.75	1			1								1		2			41	1			107	3	200	4	1000	3		
	1999	1	20				4	6		4708		1	"MONTSERRAT"	"SOUFRIERE HILLS VOLCANO"	16.722	-62.18	2	3																											
	1999	8	17	0	1	39.1	4	1	7.6			4	"TURKEY"	"KOCAELI, TURKEY"	40.76	29.97	2.52	26				155	3						2					17118	4			50000	4	20000	4			50000	4
	1999	9	13				4	8				1	"FRENCH POLYNESIA"	"FATU HIVA"	-10.52	-138.67	8	9											1				1								1				1
	1999	11	26	13	21	15.5	4	1	7.5			0	"VANUATU"	"VANUATU ISLANDS"	-16.423	168.214	6.6	53				5	1						3		3			10	1			100	2		3		3		
	2000	1	26				-1	9				0	"PHILIPPINES"	"TAWI-TAWI, PHILIPPINES"	5.1	120.15	20	4									3		3	300	3								3		3	300	3		
	2000	4	5	4	36	59.8	4	3	5.5			0	"GREECE"	"CRETE"	34.22	25.69	0.5	1																											
	2000	5	4	4	21	16.2	4	1	7.6			0	"INDONESIA"	"SULAWESI"	-1.105	123.573	6	2											3					46	1			264	3	30	4	10000	4		
	2000	6	18	14	44	13.3	4	1	7.9			0	"AUSTRALIA"	"SOUTH INDIAN OCEAN"	-13.802	97.453	0.3	1																											
	2000	7	1	7	1	55.5	4	1	6.1	5104		1	"JAPAN"	"KOZU-SHIMA ISLAND, HONSHU"	34.221	139.131	0.07	4																1	1				3		1				
	2000	7	15	1	30	30.5	4	1	6.1			0	"JAPAN"	"HONSHU: S COAST"	34.319	139.26	0.07	1																				10	1		1			20	1
	2000	7	30	12	25	45.5	4	1	6.5			0	"JAPAN"	"HONSHU: S COAST"	33.901	139.376	0.14	1																				1	1		1				
	2000	11	4	19	30	0	1	8				0	"USA"	"POINT ARGUELLO, S. CALIFORNIA"	34.5	-120.65	4.6	1											1												1				
	2000	11	16	4	54	55.9	4	1	8			0	"PAPUA NEW GUINEA"	"BISMARCK SEA"	-4.001	152.327	3	9											2					2	1						2		3		
	2000	11	21	18	4	50	4	8				1	"GREENLAND"	"PAATUUT, GREENLAND"	70.25	-52.75	50	4											1		1										1		1		
	2000						3	8				0	"RUSSIA"	"KERCH STRAIT"	45.12	36.7		0																											
	2001	1	13	17	33	32.3	3	1	7.7			0	"EL SALVADOR"	"EL SALVADOR"	13.049	-88.66	0.25	1																844	3			4723	4	753	4	108226	4	169632	4
	2001	6	23	20	33	14.1	4	1	8.4			4	"PERU"	"S. PERU"	-16.265	-73.641	8.8	152				26	1	70	2				4	2000	4			103	3	138	3	2713	4	200	4	25399	4		
	2001	10	12	5	2	34	4	1	6.1			0	"CANADA"	"QUEEN CHARLOTTE ISLANDS"	52.63	-132.2	0.11	4																											
	2001	12	18	4	2	58.2	4	1	6.8			0	"TAIWAN"	"TAIWAN"	23.954	122.734	0.16	6																											
	2002	1	2	17	22	48.7	4	1	7.2			0	"VANUATU"	"VANUATU ISLANDS"	-17.6	167.856	3	2		-4.64	-4.14																		2		1				2
	2002	3	5	21	16	9.1	4	1	7.5			0	"PHILIPPINES"	"MINDANAO ISLAND, PHILIPPINES"	6.033	124.249	3	3											1					15	1			100	2	1.714	2			800	3
	2002	3	24				3	0				0	"GREECE"	"DODECANESE ISLANDS"	36.45	28.2	4	1											1												1				
	2002	3	26	3	45	48.7	3	1	6.4			0	"JAPAN"	"JAPAN"	23.346	124.09	0.05	3																											
	2002	3	31	6	52	50.4	4	1	7.1			0	"TAIWAN"	"TAIWAN"	24.279	122.179	0.2	11																5	1			200	3		2	100	2		
	2002	9	8	18	44	25.5	4	1	7.6			0	"PAPUA NEW GUINEA"	"BISMARCK SEA"	-3.26	142.94	5.5	88		0.58	1.08								1		1			4	1			70	2		3		1	873	3
	2002	9	13	22	28	29.4	4	1	6.5			0	"INDIA"	"ANDAMAN ISLANDS, INDIA"	13.036	93.068		4											1				1	2	1						2	40	1		1
	2002	10	10	10	50	20.5	1	1	7.6			0	"INDONESIA"	"IRIAN JAYA"	-1.757	134.297	5	3		2.32	2.82													8	1			632	3		3	1000	3	900	3
	2002	11	4				0	8				0	"NEW ZEALAND"	"ALBERT TOWN"	-44.7	169.2		1																											
	2002	12	30	12	15		4	7		4703		10	"ITALY"	"STROMBOLI ISLAND"	38.789	15.213	10.9	41			5						2		2				2						2		2				2
	2003	1	20	8	43	6	4	1	7.3			0	"SOLOMON ISLANDS"	"SOLOMON ISLANDS"	-10.491	160.77	2	2																											
	2003	1	22	2	6	34.6	4	1	7.5			1	"MEXICO"	"S. MEXICO"	18.77	-104.104	0.61	6			0.5													29	1			300	3		3	2005	4	6615	4
	2003	5	21	18	44	20.1	4	1	6.8			1	"ALGERIA"	"N. ALGERIA"	36.964	3.634	3	39		1	1.5								2		3			2287	4	800	3	11000	4	5000	4	19000	4	163000	4
	2003	5	27	17	11	28.8	4	1	5.7			0	"ALGERIA"	"ALGIERS"	36.939	3.578	0.08	2																9	1			200	3		2		3		
	2003	7	12				4	6		4542		3	"MONTSERRAT"	"SOUFRIERE HILLS VOLCANO"	16.722	-62.18	4	5											1												1				
	2003	8	4	4	37	20.1	4	1	7.6			0	"ANTARCTICA"	"SCOTIA SEA"	-60.532	-43.411		1																							1				
	2003	8	14	5	14	54.7	3	1	6.3			0	"GREECE"	"IONIAN SEA"	39.16	20.605	0.5	1											1									50	1		2				2
	2003	8	21	12	12	49.7	4	3	7.2			0	"NEW ZEALAND"	"SOUTH ISLAND"	-45.104	167.144	0.15	2																							1				
	2003	9	25	19	50	6.3	4	1	8.3			1	"JAPAN"	"HOKKAIDO ISLAND"	41.815	143.91	4.4	268				2	1						1					2	1			849	3	90	4				
	2003	10	31	1	6	28.2	4	1	7			0	"JAPAN"	"E. HONSHU ISLAND"	37.812	142.619	0.32	4																											
	2003	11	17	6	43	6.8	4	1	7.8			0	"USA"	"RAT ISLANDS, ALEUTIAN ISLANDS, AK"	51.146	178.65	0.33	20																							1				
	2003	12	27	16	0	59	4	1	7.3			0	"NEW CALEDONIA"	"LOYALTY ISLANDS"	-22.015	169.766	0.15	2																											
	2004	1	28	22	15	30.7	4	1	6.7			0	"INDONESIA"	"SERAM ISLAND"	-3.12	127.4		1																											
	2004	2	11	8	15	3.8	4	1	5.3			1	"JORDAN"	"DEAD SEA"	31.675	35.551	1	1																				4	1		2				2
	2004	8	24				3	8				0	"FRANCE"	"MARSEILLES"	43.3	5.37		1																											
	2004	9	5	10	7	7.8	4	1	7.2			0	"JAPAN"	"SOUTH COAST HONSHU ISLAND"	33.07	136.618	0.63	12																				4	1		1				
	2004	9	5	14	57	18.6	4	1	7.4			0	"JAPAN"	"SOUTH COAST HONSHU ISLAND"	33.184	137.071	0.93	24																				40	1		1				
	2004	11	2	10	2	12.8	4	1	6.6			0	"CANADA"	"VANCOUVER ISLAND"	49.277	-128.772	0.06	2																											
	2004	11	11	21	26	41.1	4	1	7.5			0	"INDONESIA"	"KEPULAUAN ALOR"	-8.152	124.868	2	3											1			1	1	34	1			400	3		3	781	3	16712	4
	2004	11	21	11	41	7.7	4	1	6.3			1	"GUADELOUPE (FRENCH TERRITORY)"	"BASSE-TERRE, LES SAINTES"	15.679	-61.706	2	9																1	1			12	1		2		3		
	2004	11	22	20	26	23.9	4	1	7.1			0	"NEW ZEALAND"	"PUYSEGUR TRENCH"	-46.676	164.721		1																											
	2004	11	28	18	32	14.1	4	1	7			0	"JAPAN"	"HOKKAIDO ISLAND"	43.006	145.119	0.12	2																				24	1		2				1
	2004	12	23	14	59	4.4	4	1	8.1			0	"AUSTRALIA"	"MACQUARIE ISLAND"	-49.312	161.345	0.3	4																											
	2004	12	26	0	58	53.4	4	1	9.1			144	"INDONESIA"	"OFF W. COAST OF SUMATRA"	3.316	95.854	50.9	1712				227899	4				3	10000	4		4		4	227899	4				3	10000	4		4		4
	2005	1	19	6	11	36.4	4	1	6.6			0	"JAPAN"	"E. HONSHU ISLAND"	34.064	141.491	0.39	11																											
	2005	2	14	18	5	59.3	3	1	5.8			0	"GUADELOUPE (FRENCH TERRITORY)"	"DOMINICA PASSAGE"	15.775	-61.744		2																											
	2005	3	28	16	9	36.5	4	1	8.6			1	"INDONESIA"	"INDONESIA"	2.085	97.108	4.2	65				10	1						1					1313	4			340	3		4	300	3		
	2005	4	10	10	29	11.2	4	1	6.7			0	"INDONESIA"	"KEPULAUAN MENTAWAI"	-1.644	99.607	0.4	1																											
	2005	6	15	2	50	53.1	4	1	7.2			0	"USA"	"N. CALIFORNIA"	41.301	-125.97	0.1	5																											
	2005	8	16	2	46	28.4	4	1	7.2			0	"JAPAN"	"E. COAST HONSHU ISLAND"	38.276	142.039	0.05	1																				56	2		1	1	1		
	2005	11	14	21	38	51.4	4	1	7			0	"JAPAN"	"E. COAST HONSHU ISLAND"	38.107	144.896	0.42	1																											
	2005	12	9	1	57		4	9				0	"CANADA"	"BRITISH COLUMBIA"			0.08	14																											
	2006	1	1	7	11	57	3	1	5.6	7540		0	"JAPAN"	"S. OF HONSHU ISLAND"	31.394	140.131		0																											
	2006	3	14	6	57	33.8	4	1	6.7			0	"INDONESIA"	"SERAM ISLAND"	-3.595	127.214	3.5	1				4	1						2	241	3			4	1					1	2	241	3		
	2006	5	3	15	26	40.2	4	1	8			0	"TONGA"	"TONGA"	-20.187	-174.123	0.27	55																				1	1		1				
	2006	5	20	11	20		4	6		4623		0	"MONTSERRAT"	"SOUFRIERE HILLS VOLCANO"	16.722	-62.18	1	4											1												1				
	2006	6	15				4	9				0	"SPAIN"	"CIUTADELLA, MENORCA ISLAND"	40	3.83	6	1										33	4											33	4				
	2006	7	17	8	19	28.7	4	1	7.7			3	"INDONESIA"	"SOUTH OF JAVA"	-9.254	107.411	20.9	202	8.1			802	3			498	3	55	4	1623	4			802	3			498	3	55	4	1623	4		
	2006	8	27				2	9				0	"SOUTH KOREA"	"YELLOW SEA"				1				1	1											1	1										
	2006	9	28	6	22	9.7	4	1	6.9			0	"SAMOA"	"SAMOA ISLANDS"	-16.592	-172.033	0.08	1																											
	2006	10	15	17	7	49.2	4	1	6.7			0	"USA"	"HAWAII"	19.878	-155.935	0.1	1																					3		2				
	2006	11	13	8	2	44.4	4	1	5.2			0	"TAIWAN"	"SOUTH CHINA SEA"	20.656	119.997	0.15	1																											
	2006	11	15	11	14	13.5	4	1	8.3			3	"RUSSIA"	"S. KURIL ISLANDS"	46.592	153.266	21.9	258								1	1		2									1	1		2				
	2006	12	26	12	26	21.4	4	1	7			0	"TAIWAN"	"TAIWAN"	21.799	120.547	0.07	4																2	1			40	1		1		2		
	2007	1	13	4	23	21.1	4	1	8.1			1	"RUSSIA"	"S. KURIL ISLANDS"	46.243	154.524	0.4	38																											
	2007	3	25	0	40	1.6	4	1	7.1			0	"VANUATU"	"VANUATU ISLANDS"	-20.617	169.357	0.08	2																											
	2007	3	25	0	41	57.8	4	1	6.7			0	"JAPAN"	"HONSHU: W COAST"	37.336	136.588	0.1	2																1	1			150	3		3	513	3		
	2007	3	31				3	9				0	"SOUTH KOREA"	"YELLOW SEA"			1.65	2				4	1					2	2				1	4	1					2	2				1
	2007	4	1	20	39	56.3	4	1	8.1			0	"SOLOMON ISLANDS"	"SOLOMON ISLANDS"	-8.46	157.044	12.1	247				50	1						3	2500	4			52	2						3	2500	4	500	3
	2007	4	21	17	53	46.3	4	3	6.2			0	"CHILE"	"SOUTHERN CHILE"	-45.285	-72.606	50	7				8	1						1					10	1						1			2	1
	2007	5	7				2	8				0	"BULGARIA"	"BLACK SEA"	43	29	3	2											1												1				
	2007	5	19				3	7		7524		0	"PAPUA NEW GUINEA"	"RITTER ISLAND, PAPUA NEW GUINEA"	-5.52	148.121	10	2											1		1										1		1		
	2007	6	15				0	8				0	"CHINA"	"DAYANTANG, ENSHI"	30.394	110.16	50	8				8	1						2					8	1						2	15	1		
	2007	7	16	1	13	22	4	1	6.6			0	"JAPAN"	"HONSHU: W COAST"	37.57	138.478		1																9	1			1088	4		3	875	3		
	2007	8	2	2	37	42.3	4	1	6.2			0	"RUSSIA"	"TATAR STRAIT"	47.116	141.798	3.2	18																2	1			12	1		1	11	1	20	1
	2007	8	2	3	21	42.8	4	1	6.7			0	"USA"	"ALEUTIAN ISLANDS, AK"	51.307	-179.971	0.03	1																											
	2007	8	15	23	40	57.8	4	1	8			0	"PERU"	"S. PERU"	-13.386	-76.603	10.05	135				3	1						1		1			514	3			1090	4		4	52154	4	23632	4
	2007	9	2	1	5	18.1	4	1	7.2			0	"SOLOMON ISLANDS"	"SANTA CRUZ ISLANDS"	-11.61	165.762	0.05	2																											
	2007	9	12	11	10	26.8	4	1	8.4			0	"INDONESIA"	"SUMATRA"	-4.438	101.367	5	52											1				2	25	1			161	3		3	56425	4		
	2007	9	30	5	23	34	4	1	7.4			0	"NEW ZEALAND"	"AUCKLAND ISLANDS"	-49.418	163.954	0.35	8																											
	2007	11	14	15	40	50.5	4	1	7.7			0	"CHILE"	"NORTHERN CHILE"	-22.247	-69.89	0.28	6																2	1			65	2		3		4		
	2007	11	29	19	0	20.4	1	1	7.4			0	"MARTINIQUE (FRENCH TERRITORY)"	"MARTINIQUE"	14.944	-61.274		0																											
	2007	12	4				4	8				0	"CANADA"	"CHEHALIS LAKE, CHILLIWACK"	49.475	-121.847	38	1											1												1				
	2007	12	9	7	28	20.8	4	1	7.8			0	"KERMADEC ISLANDS"	"KERMADEC ISLANDS"	-25.996	-177.514	0.03	1																											
	2008	2	25	8	36	33	4	1	6.5			0	"INDONESIA"	"SUMATRA"	-2.486	99.972	0.12	1																							1				2
	2008	4	9	12	46	12.7	4	1	7.3			0	"NEW CALEDONIA"	"LOYALTY ISLANDS"	-20.071	168.892	0.16	1																											
	2008	4	28	18	33	34.2	1	1	6.4			0	"VANUATU"	"VANUATU ISLANDS"	-19.941	168.953	0.03	2																											
	2008	5	4				3	9				0	"SOUTH KOREA"	"YELLOW SEA"			1.3	2				9	1			15	1							9	1			15	1						
	2008	5	12	6	28	1.5	0	1	7.9			0	"CHINA"	"SICHUAN PROVINCE"	31.002	103.322		1																87652	4			374171	4	86000	4	5360000	4		
	2008	7	19	2	39	28.7	4	1	6.9			0	"JAPAN"	"OFF EAST COAST OF HONSHU ISLAND"	37.552	142.214	0.2	3																											
	2008	8	8				4	6		4924		0	"USA"	"KASATOCHI VOLCANO, ALEUTIAN IS, AK"	52.18	-175.5	0.19	2																											
	2008	8	20	23	0	0	3	0				0	"SOUTH AFRICA"	"SOUTHERN ATLANTIC OCEAN"	-28.5	13.2	2.55	2											1												1				
	2008	9	11	0	20	50.9	4	1	6.8			0	"JAPAN"	"HOKKAIDO ISLAND"	41.892	143.754	0.09	1																6	1			77	2		3			1000	3
	2008	10	28				3	9				0	"USA"	"MAINE"	43.8	-69.7	3.6	5										0.02	1											0.02	1				
	2008	11	16	17	2	32.7	4	1	7.3			0	"INDONESIA"	"SULAWESI"	1.271	122.091	0.13	3																6	1			77	2		3			1000	3
	2008	11	23				0	8				0	"CHINA"	"WU GORGE, WUSHAN COUNTY"	31.065	109.92	13.1	1										0.746	1											0.746	1				
	2009	1	3	19	43	50.6	4	1	7.6			0	"INDONESIA"	"NEAR NORTH COAST"	-0.414	132.885	0.39	24																5	1			250	3		3			840	3
	2009	1	3	22	33	40.2	3	1	7.3			0	"INDONESIA"	"NEAR NORTH COAST"	-0.691	133.305		0																											
	2009	1	15	17	49	39	4	1	7.4			0	"RUSSIA"	"KAMCHATKA"	46.857	155.154	0.11	11																											
	2009	1	16				0	8				0	"USA"	"COLUMBIA RIVER VALLEY, WA"			9	1											1												1				
	2009	2	11	17	34	50.8	4	1	7.2			0	"INDONESIA"	"CELEBES SEA"	3.884	126.397	0.13	1																				64	2		2			597	3
	2009	3	19	18	17	40.9	4	1	7.6			0	"TONGA"	"TONGA"	-23.046	-174.659	0.15	27																											
	2009	5	28	8	24	45	4	1	7.3			0	"HONDURAS"	"OFF COAST OF HONDURAS"	16.72	-86.236	4	2																7	1			40	1		2	135	3	25	1
	2009	7	1	9	30	10.4	4	1	6.4			0	"GREECE"	"CRETE"	34.164	25.471	0.3	3																											
	2009	7	15	9	22	29	4	1	7.8			1	"NEW ZEALAND"	"OFF WEST COAST OF SOUTH ISLAND"	-45.762	166.562	0.47	9																							1				
	2009	8	10	19	55	35.6	3	1	7.5			0	"INDIA"	"ANDAMAN ISLANDS"	14.099	92.888	0.01	1																											
	2009	8	10	20	7	9.1	4	1	6.4			0	"JAPAN"	"HONSHU: S COAST"	34.743	138.264	0.6	5																1	1			123	3		3	5192	4		
	2009	8	16	7	38	21.7	4	1	6.7			0	"INDONESIA"	"SUMATRA"	-1.479	99.49	0.18	1																				9	1						
	2009	8	25				0	8				0	"USA"	"COLUMBIA RIVER VALLEY, WA"				1											1												1				
	2009	9	2	7	55	1	4	1	7			0	"INDONESIA"	"JAVA SEA"	-7.782	107.297	0.4	2																81	2			1297	4		3			54000	4
	2009	9	29	17	48	10.9	4	1	8.1			8	"SAMOA"	"SAMOA ISLANDS"	-15.489	-172.095	22.35	625				192	3			7	1	285	4					192	3			7	1	285	4				
	2009	9	30	10	16	9.2	4	1	7.5			0	"INDONESIA"	"SUMATRA"	-0.72	99.867	0.27	1																1117	4			1214	4	2200	4		3	181665	4
	2009	10	7	22	3	14.4	4	1	7.6			0	"VANUATU"	"VANUATU ISLANDS"	-13.006	166.51	0.29	37																											
	2010	1	2				2	9				0	"SOUTH KOREA"	"CHEJU (JEJU) STRAIT"				0				1	1											1	1										
	2010	1	3	21	48	5.3	4	1	6.6			0	"SOLOMON ISLANDS"	"SOLOMON ISLANDS"	-8.743	157.477	0.01	1																											
	2010	1	3	22	36	27.9	4	1	7.1			0	"SOLOMON ISLANDS"	"SOLOMON ISLANDS"	-8.799	157.346	7.52	51											1		1										1	16	1	60	2
	2010	1	5	12	15	32.2	4	1	6.8			0	"SOLOMON ISLANDS"	"SOLOMON ISLANDS"	-9.019	157.551	0.03	1																											
	2010	1	12	21	53	10	4	3	7			0	"HAITI"	"HAITI & DOMINICAN REPUBLIC"	18.457	-72.533	3.21	25				7	1						1		1			316000	4			300000	4	8000	4	97294	4	188383	4
	2010	2	26	20	31	26.9	3	1	7			0	"JAPAN"	"RYUKYU ISLANDS"	25.93	128.425	0.1	2																											
	2010	2	27	6	34	11.5	4	1	8.8			4	"CHILE"	"CENTRAL CHILE"	-36.122	-72.898	29	653				156	3			12000	4	30000	4					558	3			12000	4	30000	4			500000	4
	2010	3	11	14	39	43.9	4	1	6.9			0	"CHILE"	"CENTRAL CHILE"	-34.29	-71.891	0.14	2																							1				
	2010	4	6	22	15	1.5	4	1	7.8			0	"INDONESIA"	"SUMATRA"	2.383	97.048	0.44	6																											
	2010	4	13				0	8				0	"PERU"	"513 LAKE, HUALCAN GLACIER"	-9.282	-77.645	23	1				1	1						1	50	1			1	1						1	50	1		
	2010	4	13				2	0				1	"COOK ISLANDS"	"MANGAIA ISLAND, COOK ISLANDS"	-21.955	-157.92		1																											
	2010	5	29	11	46	50	4	6		5184		0	"USA TERRITORY"	"SOUTH OF SARIGAN IS, N. MARIANA IS"	16.708	145.97	0.04	1																											
	2010	6	12	19	26	50.4	4	1	7.5			0	"INDIA"	"LITTLE NICOBAR ISLAND"	7.881	91.936	0.03	2																											
	2010	8	10	5	23	44.9	4	1	7.2			0	"VANUATU"	"VANUATU ISLANDS"	-17.541	168.069	0.23	1																											
	2010	8	13	21	19	33	4	1	6.9			0	"USA TERRITORY"	"GUAM, MARIANA ISLANDS"	12.484	141.476	0.07	1																											
	2010	10	25	14	42	22	4	1	7.8			0	"INDONESIA"	"SUMATRA"	-3.487	100.082	16.9	358				431	3					39	4	700	3			431	3					39	4	700	3		
	2010	12	21	17	19	40.6	4	1	7.4			0	"JAPAN"	"BONIN ISLANDS"	26.901	143.698	0.13	4																											
	2010	12	25	13	16	37	4	1	7.3			0	"VANUATU"	"VANUATU ISLANDS"	-19.702	167.947	4.1	12								4	1		1									4	1		1				
	2011	1	9	10	3	44.2	4	1	6.5			0	"VANUATU"	"VANUATU ISLANDS"	-19.157	168.311	0.03	1																											
	2011	2	11	20	5	30.7	4	1	6.8			0	"CHILE"	"CENTRAL CHILE"	-36.474	-73.125	0.15	1																											
	2011	2	21	23	51	42.3	2	3	6.1			0	"NEW ZEALAND"	"SOUTH ISLAND"	-43.583	172.68	3.5	1																185	3			1500	4	15000	4	100000	4		
	2011	3	9	2	45	20.3	4	1	7.5			0	"JAPAN"	"HONSHU ISLAND"	38.435	142.842	0.6	11																											
	2011	3	11	5	46	24.1	4	1	9.1			7	"JAPAN"	"HONSHU ISLAND"	38.297	142.372	39.26	6288				18428	4			6167	4	220136.6	4	123661	4	280920	4	18428	4			6167	4	220136.6	4	123661	4	280920	4
	2011	4	7	14	32	43.2	4	1	7.1			0	"JAPAN"	"E. COAST HONSHU ISLAND"	38.276	141.588	0.08	1																3	1			132	3		1				
	2011	5	10	8	55	9	4	1	6.8			0	"NEW CALEDONIA"	"LOYALTY ISLANDS"	-20.244	168.226	0.03	1																											
	2011	6	24	3	9	39.4	4	1	7.3			0	"USA"	"ATKA, ALEUTIAN ISLANDS, AK"	52.05	-171.836	0.1	7																											
	2011	6	27				2	9				0	"UK"	"PLYMOUTH, ENGLAND"	50.5	-3	0.4	4																											
	2011	7	6	19	3	18.2	4	1	7.6			0	"NEW ZEALAND"	"KERMADEC ISLANDS"	-29.539	-176.34	1.2	24																											
	2011	7	10	0	57	10.8	4	1	7			0	"JAPAN"	"OFF EAST COAST OF HONSHU ISLAND"	38.034	143.264	0.09	1																											
	2011	7	30	5	30		3	8				0	"NORWAY"	"LYSEFJOREN, WESTERN NORWAY"	59.05	6.64	1.5	1											1												1				
	2011	8	6	12	55		3	8				0	"NORWAY"	"LYSEFJOREN, WESTERN NORWAY"	59.05	6.64		0																											
	2011	8	20	16	55	2.5	4	1	7.1			0	"VANUATU"	"VANUATU ISLANDS"	-18.365	168.143	0.19	4																											
	2011	8	20	18	19	23.5	4	1	7			0	"VANUATU"	"VANUATU ISLANDS"	-18.311	168.218	0.15	1																											
	2011	9	2	10	55	53.5	4	1	6.8			0	"USA"	"FOX ISLANDS, ALEUTIAN ISLANDS, AK"	52.171	-171.708	0.06	1																											
	2011	10	21	17	57	16.1	4	1	7.4			0	"NEW ZEALAND"	"KERMADEC ISLANDS"	-28.993	-176.238	0.14	3																											
	2012	2	2	13	34	40.6	4	1	7			0	"VANUATU"	"VANUATU ISLANDS"	-17.827	167.133	0.08	1																											
	2012	3	9	7	9	50.9	4	1	6.7			0	"VANUATU"	"OFF EAST COAST OF VANUATU"	-19.125	169.613	0.05	2																											
	2012	3	14	9	8	35.1	4	1	6.9			0	"JAPAN"	"HOKKAIDO ISLAND"	40.887	144.944	0.2	2																											
	2012	3	20	18	2	47.4	4	1	7.4			0	"MEXICO"	"S. MEXICO"	16.493	-98.231	0.2	2																2	1			13	1	600	4	800	3		
	2012	4	11	8	38	36.7	4	1	8.6			0	"INDONESIA"	"OFF W. COAST OF N SUMATRA"	2.327	93.063	1.08	25																10	1			12	1		1				2
	2012	4	11	10	43	10.8	4	1	8.2			0	"INDONESIA"	"OFF W. COAST OF N SUMATRA"	0.802	92.463		4																											
	2012	4	14	22	5	26.4	4	1	6.3			0	"VANUATU"	"VANUATU ISLANDS"	-18.972	168.741		1																											
	2012	7	15				4	8				0	"GREENLAND"	"ILULISSAT ICEFJORD, GREENLAND"	69.2	-51.3		0																											
	2012	8	27	4	37	19.4	4	1	7.3			0	"EL SALVADOR"	"EL SALVADOR-NICARAGUA"	12.139	-88.59	6.3	38								40	1		1									40	1		1				
	2012	8	31	12	47	33.3	4	1	7.6			0	"PHILIPPINES"	"PHILIPPINE ISLANDS"	10.811	126.638	0.15	17																1	1			1	1	0.3	1		1		
	2012	9	5	14	42	7.8	4	1	7.6			0	"COSTA RICA"	"COSTA RICA"	10.085	-85.315	0.16	4																2	1			20	1		1		2		
	2012	10	28	3	4	8.8	4	1	7.7			0	"CANADA"	"BRITISH COLUMBIA"	52.788	-132.101	12.98	178				1	1											1	1										
	2012	11	7	16	35	46.9	4	1	7.3			0	"GUATEMALA"	"GUATEMALA"	13.988	-91.895	0.35	7																48	2			155	3	210	4	2769	4	7561	4
	2012	12	7	8	18	23.1	4	1	7.2			0	"JAPAN"	"OFF EAST COAST OF HONSHU ISLAND"	37.89	143.949	1	3																				11	1						
	2012	12	28				0	8				0	"CHINA"	"ZHAOJUN BRIDGE, HUBEI PROVINCE"	31.256	110.733		0																											
	2013	1	5	8	58	19.3	4	1	7.5			0	"USA"	"SE. ALASKA, AK"	55.393	-134.652	1.5	8											1												1				
	2013	2	6	1	12	25.8	4	1	7.9			0	"SOLOMON ISLANDS"	"SANTA CRUZ ISLANDS"	-10.766	165.114	11	124				10	1			15	1		3	588	3	478	3	10	1			15	1	36	4	588	3	478	3
	2013	2	8	15	26	38.4	4	1	7			0	"SOLOMON ISLANDS"	"SANTA CRUZ ISLANDS"	-10.928	166.018	0.09	1																											
	2013	4	19	3	5	52.6	2	1	7.2			0	"RUSSIA"	"S. KURIL ISLANDS"	46.221	150.788	0.2	1																											
	2013	4	22	1	16	32	3	1	6			0	"MEXICO"	"MEXICO"	18.081	-102.182	0.13	1																											
	2013	6	13				4	9				0	"USA"	"NORTHWEST ATLANTIC OCEAN"			1.8	38								2	1											2	1						
	2013	6	15	16	11	2	3	1	6.2			0	"GREECE"	"CRETE"	34.4	25.02	0.01	1																											
	2013	7	21	5	9	31.4	4	1	6.5			0	"NEW ZEALAND"	"COOK STRAIT"	-41.704	174.337	0.07	2																				5	1		1			35	1
	2013	8	16	2	31	47	4	1	6.5			0	"NEW ZEALAND"	"WELLINGTON"	-41.731	174.027	0.08	2																							1				2
	2013	9	24				4	3				0	"PAKISTAN"	"OFF COAST GWADAR"	25.18	62.26	0.57	11																825	3			619	3		4	32638	4	14118	4
	2013	10	12	13	11	35	4	1	6.6			0	"GREECE"	"CRETE"	35.514	23.252	0.01	1																				1	1		1				1
	2013	10	25	17	10	0	4	1	7.1			0	"JAPAN"	"E. COAST HONSHU ISLAND"	37.2	144.6	0.4	9																				1	1						
	2013	11	17	9	4	53	4	1	7.7			0	"ANTARCTICA"	"SCOTIA SEA"	-60.274	-46.401	0.15	2																											
	2014	3	16	21	16	0	4	1	6.7			0	"CHILE"	"NORTHERN CHILE"	-19.965	-70.814	0.26	7																							1				
	2014	4	1	23	46	26	4	1	8.2			0	"CHILE"	"NORTHERN CHILE"	-19.61	-70.769	4.63	201											1					7	1					100	4			2600	4
	2014	4	3	2	43	11	4	1	7.7			0	"CHILE"	"NORTHERN CHILE"	-20.571	-70.493	0.74	5																											
	2014	4	12	20	14	3	4	1	7.6			0	"SOLOMON ISLANDS"	"SOLOMON ISLANDS"	-11.27	162.148	0.05	8																											
	2014	4	13	12	36	23	4	1	7.4			0	"SOLOMON ISLANDS"	"SOLOMON ISLANDS"	-11.463	162.051	0.16	9																											
	2014	4	18	14	28	32	4	1	7.2			0	"MEXICO"	"S. MEXICO"	17.397	-100.972	0.43	3																							1			127	2
	2014	4	19	13	29	21	4	1	7.5			0	"PAPUA NEW GUINEA"	"SOLOMON SEA"	-6.755	155.024	0.11	1																											
	2014	5	24	9	25	5	4	1	6.9			0	"GREECE"	"NORTH AEGEAN SEA"	40.24	25.33	0.16	1																3	1			310	3	4500	4		1		2
	2014	6	23	19	20	34	4	1	6.9			0	"NEW ZEALAND"	"S OF RAOUL ISLAND, KERMADEC ISLANDS"	-29.977	-177.725	0.13	5																											
	2014	6	23	20	53	7	4	1	7.9			0	"USA"	"ALEUTIAN ISLANDS, AK"	51.849	178.735	0.17	20																											
	2014	6	23				4	9				0	"SPAIN"	"MEDITERRANEAN AND BLACK SEAS"			2.5	5								15	1		1									15	1		1				
	2014	6	27	10	37		4	8				0	"UKRAINE"	"ODESSA"	46.32	30.67	2	0																											
	2014	7	11	19	23	22	4	1	6.5			0	"JAPAN"	"SANRIKU"	37.005	142.453	0.2	6																											
	2014	7	21	23	24		0	8				0	"ICELAND"	"ASKJA LAKE"	65.02	-16.7	60	1																											
	2014	7	25	10	55	12	4	1	6.1			0	"USA"	"PALMA BAY, AK"	58.306	-136.96	0.08	1																											
	2014	10	9	2	14	44	4	1	7			0	"CHILE"	"EASTER ISLAND REGION"	-32.108	-110.811	0.47	5																											
	2014	10	14	3	51	46	4	1	7.3			0	"EL SALVADOR"	"GULF OF FONSECA"	12.526	-88.123	0.02	2																1	1						1	5	1	41	1
	2014	11	15	2	32	12	3	1	7.1			0	"INDONESIA"	"N. MOLUCCAS ISLANDS"	1.893	126.522	0.09	3																											
	2015	2	16	23	6	27	4	1	6.7			0	"JAPAN"	"HONSHU"	39.856	142.881	0.27	3																											
	2015	2	19	13	18	32	4	1	6.4			0	"VANUATU"	"VANUATU ISLANDS"	-16.431	168.148	8	6											1												1				1
	2015	3	29	23	48	1	4	1	7.5			0	"PAPUA NEW GUINEA"	"BISMARCK SEA"	-4.729	152.562	0.5	2																											
	2015	5	2	16	51	39	3	1	5.7	7537		0	"JAPAN"	"S. OF HONSHU ISLAND"	31.529	140.213	0.6	3																											
	2015	5	5	1	44	38	3	1	7.5			0	"PAPUA NEW GUINEA"	"NEW BRITAIN"	-5.462	151.875	1	1																							1				1
	2015	5	10				4	8				0	"NORWAY"	"NORTHERN NORWAY"	69.8	20.92		0																							1				
	2015	6	24				0	8				0	"CHINA"	"WUSHAN, CHONGQING"	31.077	109.896	6.2	1				2	1			4	1		2					2	1			4	1		2				
	2015	7	1				3	9				0	"SCOTLAND"	"NORTH SEA"			0.18	3								1	1		1									1	1		1				
	2015	7	10	4	12	54	4	1	6.7			0	"SOLOMON ISLANDS"	"SOLOMON ISLANDS"	-9.307	158.403	0.01	1																											
	2015	7	18	2	28	22	4	1	7			0	"SOLOMON ISLANDS"	"SANTA CRUZ ISLANDS"	-10.401	165.141	0.09	5																											
	2015	7	27	4	49	0	4	1	6.9			0	"USA"	"FOX ISLANDS, ALEUTIAN ISLANDS, AK"	52.214	-169.399	0.08	2																											
	2015	9	16	22	55	26	4	1	8.3			1	"CHILE"	"CENTRAL CHILE"	-31.573	-71.674	13.6	1094		8.4		8	1						1					15	1	1	1	14	1	600	4	2305	4	10044	4
	2015	10	18	5	19		4	8				1	"USA"	"ICY BAY, AK"	60.08	-141.3	193	3																											
	2015	11	11	1	54	0	4	1	6.9			0	"CHILE"	"CENTRAL CHILE"	-29.46	-72.12	0.55	2																											
	2015	11	13	20	51	3	4	1	6.7			0	"JAPAN"	"JAPAN"	31.001	128.873	0.3	1																											
	2015	11	17	7	10	3	4	3	6.5			0	"GREECE"	"IONIAN SEA"	38.67	20.6	0.15	1																2	1			4	1		2	1	1		2
	2015	11	18	18	31	57	4	1	6.8			0	"SOLOMON ISLANDS"	"SOLOMON ISLANDS"	-8.899	158.422	0.1	1																											
	2016	1	25	4	23	13	4	1	6.3			0	"MOROCCO"	"MOROCCO"	35.649	-3.682	0.02	2																1	1			26	1		1		1		1
	2016	3	2	12	49	11	4	1	7.8			0	"INDONESIA"	"SW. SUMATRA"	-4.952	94.33	0.21	13																											
	2016	4	16	23	58	0	4	1	7.8			0	"ECUADOR"	"OFF COAST"	0.35	-80.16	0.5	7																663	3	9	1	6274	4	3300	4	6998	4	29672	4
	2016	4	28	19	33	7	3	1	7			0	"VANUATU"	"VANUATU ISLANDS"	-16.043	167.379	0.02	2																											
	2016	8	12	1	26	28	4	1	7.2			0	"NEW CALEDONIA"	"LOYALTY ISLANDS"	-22.477	173.117	0.19	1																											
	2016	8	19	7	33	11	3	1	7.4			0	"UK TERRITORY"	"SOUTHERN ATLANTIC OCEAN"	-55.285	-31.877	0.1	1																											
	2016	8	20	9	1	26	4	1	6			0	"JAPAN"	"SANRIKU"	40.394	143.68	0.01	0																											
	2016	9	1	16	37	3	4	1	7			0	"NEW ZEALAND"	"GISBORNE"	-37.359	179.146	0.21	4																											
	2016	11	13	11	2	34	4	1	7.8			1	"NEW ZEALAND"	"OFF EAST COAST OF SOUTH ISLAND"	-42.737	173.054	6.9	17											1	1	1			2	1					3900	4	1	1		1
	2016	11	21	20	59	27	4	1	6.9			0	"JAPAN"	"E. COAST HONSHU ISLAND"	37.393	141.387	1.44	9											1										1		1				
	2016	11	24	18	43	0	4	1	6.9			0	"NICARAGUA"	"NICARAGUA"	11.96	-88.835	0.08	3																											
	2016	12	8	17	38	28	4	1	7.8			0	"SOLOMON ISLANDS"	"SOLOMON ISLANDS"	-10.681	161.327	0.43	11																1	1						1	191	3	126	3
	2016	12	9	19	11	24	4	1	6.9			0	"SOLOMON ISLANDS"	"SOLOMON ISLANDS"	-10.749	161.132	0.05	5																											
	2016	12	17	10	51	5	4	1	7.9			0	"PAPUA NEW GUINEA"	"SOLOMON SEA"	-4.505	153.522	0.08	5																											
	2016	12	25	14	22	0	4	1	7.6			0	"CHILE"	"SOUTHERN CHILE"	-43.517	-74.391	0.44	4																							1				
	2017	1	3	21	53	7	4	1	6.9			0	"FIJI"	"FIJI ISLANDS"	-19.373	176.052	0.01	1																											
	2017	1	22	4	31	36	4	1	7.9			0	"PAPUA NEW GUINEA"	"BOUGAINVILLE ISLAND"	-6.246	155.172	0.04	1																3	1						1		3		
	2017	3	19	4	30		4	9				0	"IRAN"	"PERSIAN GULF"	27.835	51.94	3	27				5	1			20	1	10	3	85	2			5	1			20	1	10	3	85	2		
	2017	4	24	21	39	22	4	1	6.9			0	"CHILE"	"CENTRAL CHILE"	-33.038	-72.062	0.16	4																											
	2017	4	28	20	23	26	4	1	6.9			0	"PHILIPPINES"	"SOCCSKSARGEN, PHILIPPINES"	5.504	125.066	0.2	1								2	1											7	1		1	1	1		1
	2017	5	1	12	31	3	4	1	6.2			0	"USA"	"SKAGWAY, AK"	59.852	-136.677	0.06	1																											
	2017	5	29	3	45		3	9				0	"NETHERLANDS"	"NORTH SEA"			2	2											1												1				
	2017	6	12	12	28	15	4	1	6.3			0	"GREECE"	"LESBOS"	38.93	26.365	0.4	1																1	1			15	1		2	10	1	250	3
	2017	6	17	23	39	17	4	8				0	"GREENLAND"	"KARRAT FJORD, GREENLAND"	71.813	-52.569	90	5				4	1			9	1		1	11	1		1	4	1			9	1		1	11	1		1
	2017	7	17	23	35	14	4	1	7.7			0	"RUSSIA"	"BERING ISLAND"	54.443	168.857	0.1	1																											
	2017	7	19	12	50	0	4	8				0	"COLOMBIA"	"OFF THE COAST NEAR SANTA MARTA"	11	-74.3	8	7											1	1	1		1								1	1	1		1
	2017	7	20	22	31	26	4	1	6.6			0	"TURKEY"	"GULF OF GKOVA"	36.929	27.414	1.9	40											1					2	1			500	3		2		1		1
	2017	9	8	4	49	2	4	1	8.2			1	"MEXICO"	"S. MEXICO"	14.761	-94.103	2.7	68											1					98	2			251	3	4000	4	47468	4	94027	4
	2017	10	31	0	43	12	4	1	6.7			0	"NEW CALEDONIA"	"LOYALTY ISLANDS"	-21.697	169.149	0.15	4																											
	2017	11	1	2	24	7	4	1	6.6			0	"NEW CALEDONIA"	"LOYALTY ISLANDS"	-21.648	168.859	0.1	4																											
	2017	11	5	9	0	0	0	8				0	"VIETNAM"	"QUANG NAM"	15.317	108.249	8.5	1				1	1			3	1		1	3	1	3	1	1	1			3	1		1	3	1	3	1
	2017	11	19	9	26	13	4	1	6.3			0	"NEW CALEDONIA"	"LOYALTY ISLANDS"	-21.638	168.673	0.05	1																											
	2017	11	19	15	10	28	4	1	6.6			0	"NEW CALEDONIA"	"LOYALTY ISLANDS"	-21.503	168.598	0.08	1																											
	2017	11	19	22	43	25	4	1	7			0	"NEW CALEDONIA"	"LOYALTY ISLANDS"	-21.325	168.672	0.37	5																											
	2017	12	8				3	0				0	"KERMADEC ISLANDS"	"KERMADEC ISLANDS"	-30	-179	0.5	6																											
	2018	1	10	2	51	29	4	1	7.5			0	"HONDURAS"	"OFF COAST OF HONDURAS"	17.483	-83.52	0.4	8																							1			7	1
	2018	1	14	9	18	0	4	1	7.1			0	"PERU"	"S. PERU"	-15.982	-74.512	0.15	4																											
	2018	1	23	9	32	29	4	1	7.9			0	"USA"	"KODIAK ISLAND, AK"	56.004	-149.166	0.25	64																							1				
	2018	2	9				4	6		7104		0	"PAPUA NEW GUINEA"	"KADOVAR ISLAND, PAPUA NEW GUINEA"	-3.608	144.588	1	1																											
	2018	5	4	22	32	37	4	4	6.9	6864		0	"USA"	"HAWAII"	19.313	-154.998	0.4	7																				1	1	370	4	716	3		
	2018	5	6	6	3	33	4	1	5.4	7541		0	"JAPAN"	"S. OF HONSHU ISLAND"	31.444	140.193	0.15	1																											
	2018	5	15				4	9				0	"USA"	"NORTHEAST U.S.A."			0.22	10																							1				
	2018	7	16				3	9				0	"SPAIN"	"BALEARIC ISLANDS"			0.75	3				1	1						1					1	1						1				
	2018	7	28	22	48	14	3	1	6.4			0	"INDONESIA"	"BALI SEA"	-8.24	116.508	2.5	2											1		1			17	1			355	3		3	5448	4		3
	2018	8	5	11	47	3	4	1	6.9			0	"INDONESIA"	"BALI SEA"	-8.258	116.438	2	6																560	3			7733	4	509	4		3	83392	4
	2018	8	19	0	20	7	4	1	8.2			0	"FIJI"	"FIJI ISLANDS"	-18.113	-178.153		0																											
	2018	8	19	4	11	4	3	1	6.3			0	"INDONESIA"	"BALI SEA"	-8.337	116.599		0																2	1			1	1		2			1705	4
	2018	8	21	21	31	6	2	1	7.3			0	"VENEZUELA"	"SUCRE"	10.773	-62.902		1																5	1						2				3
	2018	8	29	3	51	1	4	1	7.1			0	"NEW CALEDONIA"	"LOYALTY ISLANDS"	-22.03	170.126	0.27	7																											
	2018	9	28	10	2	25	4	3	7.5			1	"INDONESIA"	"SULAWESI"	-0.256	119.846	10.73	291				4340	4	667	3	10679	4	1500	4	3673	4	39191	4	4340	4	667	3	10679	4	1500	4	3673	4	39191	4
	2018	10	16	1	3	58	4	1	6.5			0	"NEW CALEDONIA"	"LOYALTY ISLANDS"	-21.743	169.522	0.05	1																											
	2018	10	25	22	55	3	4	1	6.8			0	"GREECE"	"IONIAN SEA"	37.52	20.557	0.5	9																				3	1		2			120	3
	2018	12	5	4	18	42	4	1	7.5			0	"NEW CALEDONIA"	"LOYALTY ISLANDS"	-21.95	169.427	2	34											1				1								1				1
	2018	12	11	4	48		0	8				0	"RUSSIA"	"BUREYA, FAR EASTERN RUSSIA"	50.559	131.472	90	49																											
	2018	12	22	13	55		4	7		7264		2	"INDONESIA"	"KRAKATAU"	-6.102	105.423	85	410				437	3	10	1	31943	4	250	4		3	2844	4	437	3	10	1	31943	4	250	4		3	2844	4
	2019	3	20				3	9				0	"JAPAN"	"NAGASAKI, JAPAN"			2.9	2											2												2				
	2019	4	14	23	17		4	9				0	"USA"	"LAKE ERIE"			1.75	2											1												1				
	2019	5	14	12	58	25	2	1	7.6			0	"PAPUA NEW GUINEA"	"RABAUL, NEW BRITAIN"	-4.051	152.597		0																					1		1		1		1
	2019	6	14	0	19	12	4	1	6.4			0	"CHILE"	"CENTRAL CHILE"	-30.056	-72.082	0.07	1																											
	2019	6	15	22	55	2	4	1	7.2			0	"NEW ZEALAND"	"S OF RAOUL ISLAND, KERMADEC ISLANDS"	-30.805	-178.095	0.14	7																											
	2019	6	18	13	22	19	4	1	6.4			0	"JAPAN"	"NIIGATA"	38.646	139.472	0.1	5																				28	1		2			144	3
	2019	8	28				3	6		7424		0	"ITALY"	"STROMBOLI ISLAND"	38.789	15.213	0.3	1																											
	2019	11	14	16	17	40	4	1	7.1			0	"INDONESIA"	"N. MOLUCCAS ISLANDS"	1.6	126.416	0.11	8																1	1			3	1		1			36	1
	2020	1	7	8	24	26	4	1	6.4			0	"USA TERRITORY"	"PUERTO RICO"	17.916	-66.813	0.06	6																4	1				1	800	4	300	3	1390	4
	2020	1	28	19	10	25	4	1	7.7			0	"CUBA"	"OFF SE COAST"	19.44	-78.755	0.11	2																							2	1	1		3
	2020	3	25	2	49	21	4	1	7.5			0	"RUSSIA"	"N. KURIL ISLANDS"	48.986	157.693	0.5	11																											
	2020	4	23				4	9				0	"USA"	"GULF OF MEXICO"			0.5	1																											
	2020	5	2	12	51	6	4	1	6.6			0	"GREECE"	"CRETE"	34.205	25.712	0.35	7																											
	2020	5	29	5	30		0	4		7504		0	"INDONESIA"	"LESSER SUNDA: BALI: IJEN VOLCANO"	-8.058	114.242	3	1																1	1										
	2020	6	13				4	9				0	"USA"	"GULF OF MEXICO"			0.5	1																											
	2020	6	18	12	49	53	4	1	7.4			0	"NEW ZEALAND"	"S OF RAOUL ISLAND, KERMADEC ISLANDS"	-33.294	-177.838	0.11	4																											
	2020	6	23	15	29	5	4	1	7.4			0	"MEXICO"	"OFF OF COAST OF OAXACA"	16.029	-95.901	1.57	9																10	1			24	1		4			8123	4
	2020	7	22	6	12	44	4	1	7.8			0	"USA"	"SHUMAGIN ISLANDS, AK"	55.03	-158.522	0.24	9																							1				
	2020	10	19	20	54	39	4	1	7.6			0	"USA"	"SHUMAGIN ISLANDS, AK"	54.608	-159.655	0.76	17																											
	2020	10	30	11	51	27	4	1	7			0	"TURKEY"	"AEGEAN SEA"	37.918	26.79	5.3	272				1	1				1		2				1	118	3			1054	4	400	4		2		4
	2020	11	14	15	0	0	4	8				0	"SPAIN"	"VALLE GRAN REY, LA GOMERA ISLAND"	28.08	-17.325	0.5	1																											
	2020	11	28				0	8				1	"CANADA"	"ELLIOT CREEK, BC"	50.97	-124.6		0																											
	2020	12	27	21	39	14	4	1	6.7			0	"CHILE"	"CENTRAL CHILE"	-39.343	-74.99	0.16	1																											
	2021	1	23	23	36	50	4	1	6.9			0	"ANTARCTICA"	"SCOTIA SEA"	-61.825	-55.494	0.04	2																											
	2021	2	10	13	19	55	4	1	7.7			0	"NEW CALEDONIA"	"LOYALTY ISLANDS"	-23.054	171.601	0.78	20																											
	2021	2	13	14	7	50	4	1	7.1			0	"JAPAN"	"OFF FUKUSHIMA PREFECTURE"	37.745	141.749	0.1	4																1	1			186	3	7700	4	798	3	19758	4
	2021	3	4	13	27	36	4	1	7.3			0	"NEW ZEALAND"	"GISBORNE"	-37.563	179.444	0.28	9																											
	2021	3	4	17	41	25	4	1	7.4			0	"NEW ZEALAND"	"S OF RAOUL ISLAND, KERMADEC ISLANDS"	-29.613	-177.843	0.31	8																											
	2021	3	4	19	28	31	4	1	8.1			0	"NEW ZEALAND"	"S OF RAOUL ISLAND, KERMADEC ISLANDS"	-29.74	-177.267	1	84																											
	2021	3	18	0	4	6	4	1	6			0	"ALGERIA"	"N. ALGERIA"	36.915	5.199	0.06	4																				17	1		1				1
	2021	6	16	4	43	7	4	3	5.8			0	"INDONESIA"	"BANDA SEA"	-3.593	129.503	0.5	2																							1				1
	2021	7	29	6	15	47	4	1	8.2			0	"USA"	"KODIAK ISLAND, AK"	55.325	-157.841	0.42	40																											
	2021	8	11	17	46	14	4	1	7.1			0	"PHILIPPINES"	"MINDANAO ISLAND, PHILIPPINES"	6.455	126.742	0.05	2																1	1										
	2021	8	12	18	35	20	4	1	8.1			0	"UK TERRITORY"	"SOUTHERN ATLANTIC OCEAN"	-58.416	-25.321	0.64	52																											
	2021	8	14	12	29	8	4	1	7.2			0	"HAITI"	"PORT-AU-PRINCE"	18.408	-73.475		3																2248	4	329	3	12763	4	1600	4	53815	4	83770	4
	2021	9	8	1	47	47	4	1	7			0	"MEXICO"	"S. MEXICO"	16.982	-99.773	0.48	1																3	1				1	200	4			7317	4
	2021	10	12	9	24	3	2	1	6.4			0	"GREECE"	"CRETE"	35.193	26.256		0																							1				1
	2021	12	14	3	20	24	4	1	7.3			0	"INDONESIA"	"FLORES SEA"	-7.603	122.2	0.07	2																				1	1		2	41		200	3
	2022	1	13				4	6		7554		0	"TONGA"	"TONGA ISLANDS"	-20.536	-175.382	0.15	1																											
	2022	1	15	4	27		4	6		7551		0	"TONGA"	"TONGA ISLANDS"	-20.536	-175.382	15	386				6	1			20	1		4		3		3	6	1			20	1	107.768	4		3		3
	2022	1	16				4	6		7552		0	"TONGA"	"TONGA ISLANDS"	-20.536	-175.382	0.36	1																											
	2022	1	29	2	46	39	4	1	6.5			0	"NEW ZEALAND"	"KERMADEC ISLANDS"	-29.531	-176.749	0.1	1																											
	2022	3	16	14	36	33	4	1	7.3			0	"JAPAN"	"OFF FUKUSHIMA PREFECTURE"	37.702	141.587	0.3	5																4	1			107	3		2				
	2022	3	30	20	56	58	4	1	6.9			0	"NEW CALEDONIA"	"LOYALTY ISLANDS"	-22.716	170.286	0.07	3																											
	2022	3	31	5	44	1	4	1	7			0	"NEW CALEDONIA"	"LOYALTY ISLANDS"	-22.579	170.354	0.05	1																											
	2022	5	25	21	43	2	3	1	5.5			0	"MEXICO"	"S. MEXICO"	16.325	-95.856	0.24	4																											